annonce_id,title,link,location,price,price_m,surface,rooms,baths,ville,quartier,price_category
1,Appartement vendre 65 m Martil,https://www.avito.ma/fr/martil/appartements/Appartement_%C3%A0_vendre_65_m%C2%B2_%C3%A0_Martil_55449361.htm,"Appartements dans Martil, Toute la ville",480000,7384,65,2,1,Martil,Toute La Ville,Low
2,Appartement 2 ch salon balcon Martil 45m 4me tage,https://www.avito.ma/fr/martil/appartements/Appartement_2_ch_salon_balcon_Martil_45m%C2%B2_4%C3%A8me_%C3%A9tage_55361072.htm,"Appartements dans Martil, Toute la ville",300000,150000,2,2,1,Martil,Toute La Ville,Low
3,Appartement vendre 147 m Bd Fouaratte Casa.,https://www.avito.ma/fr/hay_mohammadi/appartements/Appartement_%C3%A0_vendre_147_m%C2%B2_%C3%A0_Bd_Fouaratte_Casa__56185859.htm,"Appartements dans Casablanca, Hay Mohammadi",1200000,8163,147,4,3,Casablanca,Hay Mohammadi,Medium
4,Studio idal pour investissement 47m,https://www.avito.ma/fr/bachkou/appartements/Studio_id%C3%A9al_pour_investissement_47m%C2%B2_57624295.htm,"Appartements dans Casablanca, Bachkou",1205000,25638,47,1,2,Casablanca,Bachkou,Medium
5,Studio vendre 33m Palmier,https://www.avito.ma/fr/palmier/appartements/Studio_%C3%A0_vendre_33m%C2%B2_%C3%A0_Palmier_57737757.htm,"Appartements dans Casablanca, Palmier",970000,29393,33,1,1,Casablanca,Palmier,Medium
6,Appartement vendre 100 m Marrakech,https://www.avito.ma/fr/hivernage/appartements/Appartement_%C3%A0_vendre_100_m%C2%B2_%C3%A0_Marrakech_57764655.htm,"Appartements dans Marrakech, Hivernage",2400000,24000,100,2,2,Marrakech,Hivernage,Medium
7,CMN-MA-2450 - Appartement vendre Bd Anoual,https://www.avito.ma/fr/autre_secteur/appartements/CMN_MA_2450___Appartement_%C3%A0_vendre_%C3%A0_Bd_Anoual_57276428.htm,"Appartements dans Casablanca, Autre secteur",1800000,15789,114,3,2,Casablanca,Autre Secteur,Medium
8,Studio 49m Neuf Proche Tram Anoual,https://www.avito.ma/fr/quartier_des_h%C3%B4pitaux/appartements/Studio_49m_Neuf_Proche_Tram_Anoual_57486720.htm,"Appartements dans Casablanca, Quartier des Hôpitaux",1020000,20816,49,1,1,Casablanca,Quartier Des Hôpitaux,Medium
9,VENDRE 162M BD ROUDANI MARIF,https://www.avito.ma/fr/maarif/appartements/%C3%80_VENDRE_162M%C2%B2_BD_ROUDANI___MA%C3%82RIF_57838311.htm,"Appartements dans Casablanca, Maarif",2650000,16358,162,3,3,Casablanca,Maarif,Medium
10,Appartement vue sur mer vendre Asilah,https://www.avito.ma/fr/asilah/appartements/Appartement_vue_sur_mer_%C3%A0_vendre_%C3%A0_Asilah_57749648.htm,"Appartements dans Asilah, Toute la ville",2000000,13333,150,3,3,Asilah,Toute La Ville,Medium
11,Appart 105m A Rsidence Casa Park Sidi Maarouf,https://www.avito.ma/fr/sidi_maarouf/appartements/Appart_105m_A_R%C3%A9sidence_Casa_Park_Sidi_Maarouf_57384299.htm,"Appartements dans Casablanca, Sidi Maarouf",1250000,11904,105,3,2,Casablanca,Sidi Maarouf,Medium
12,Appartement 74 m ALMAZ,https://www.avito.ma/fr/almaz/appartements/Appartement_74_m%C2%B2_%C3%A0_ALMAZ_57443082.htm,"Appartements dans Casablanca, Almaz",830000,11216,74,2,1,Casablanca,Almaz,Medium
13,Superbe Appartement Semlalia La Vente,https://www.avito.ma/fr/semlalia/appartements/Superbe_Appartement_%C3%80_Semlalia_%C3%80_La_Vente_57779634.htm,"Appartements dans Marrakech, Semlalia",1500000,13761,109,2,1,Marrakech,Semlalia,Medium
14,Appartement 3 ch bien situ,https://www.avito.ma/fr/martil/appartements/Appartement_3_ch_bien_situ%C3%A9_57838299.htm,"Appartements dans Martil, Toute la ville",530000,7571,70,3,1,Martil,Toute La Ville,Medium
15,Appartement R plus deux // prs de la facult,https://www.avito.ma/fr/autre_secteur/appartements/Appartement_R_plus_deux____pr%C3%A8s_de_la_facult%C3%A9_56354412.htm,"Appartements dans El Jadida, Autre secteur",540000,5625,96,2,2,El Jadida,Autre Secteur,Medium
16,CMN-MA-2188 - Appartement vendre Racine,https://www.avito.ma/fr/racine/appartements/CMN_MA_2188___Appartement_%C3%A0_vendre_%C3%A0_Racine_56537855.htm,"Appartements dans Casablanca, Racine",1680000,11666,144,3,1,Casablanca,Racine,Medium
17,"Appartement 112 mtres, 3 faades avec soutien",https://www.avito.ma/fr/m_hamid/appartements/Appartement_112_m%C3%A8tres__3_fa%C3%A7ades_avec_soutien_56223074.htm,"Appartements dans Marrakech, M'Hamid",830000,7410,112,3,1,Marrakech,M'Hamid,Medium
18,CMN-AN-1884 - Appartement vendre Bourgogne,https://www.avito.ma/fr/bourgogne/appartements/CMN_AN_1884___Appartement_%C3%A0_vendre_%C3%A0_Bourgogne_57370097.htm,"Appartements dans Casablanca, Bourgogne",1300000,16250,80,2,1,Casablanca,Bourgogne,Medium
19,Appart 68m Maarif Ex Prs Carrefour Yacoub,https://www.avito.ma/fr/ma%C3%A2rif_extension/appartements/Appart_68m_Maarif_Ex_Pr%C3%A8s_Carrefour_Yacoub_57779357.htm,"Appartements dans Casablanca, Maârif Extension",920000,13529,68,2,2,Casablanca,Maârif Extension,Medium
20,CMN-ME-1690 - Appartement vendre 2 Mars,https://www.avito.ma/fr/2_mars/appartements/CMN_ME_1690___Appartement_%C3%A0_vendre_%C3%A0_2_Mars_57325115.htm,"Appartements dans Casablanca, 2 Mars",1700000,20000,85,2,2,Casablanca,2 Mars,Medium
21,Appartement vendre 111 m Marrakech,https://www.avito.ma/fr/gu%C3%A9liz/appartements/Appartement_%C3%A0_vendre_111_m%C2%B2_%C3%A0_Marrakech_57757647.htm,"Appartements dans Marrakech, Guéliz",2600000,23423,111,2,2,Marrakech,Guéliz,Medium
22,DES Appartements de 109 m Victoria - BOUSKOURA,https://www.avito.ma/fr/victoria/appartements/DES_Appartements_de_109_m%C2%B2_%C3%A0_Victoria___BOUSKOURA_56454082.htm,"Appartements dans Bouskoura, Victoria",855000,7434,115,3,2,Bouskoura,Victoria,Medium
23,Excellent appartement vendre de 100m dans le quartier Moulay Abdellah,https://www.avito.ma/fr/a%C3%AFn_chock/appartements/Excellent_appartement_%C3%A0_vendre_de_100m%C2%B2_dans_le_quartier_Moulay_Abdellah_57838252.htm,"Appartements dans Casablanca, Aïn Chock",970000,9700,100,2,1,Casablanca,Aïn Chock,Medium
24,Vente Urgente Appartement conomique AinChock Lamkansa4,https://www.avito.ma/fr/lamkansa/appartements/Vente_Urgente_Appartement_%C3%89conomique_AinChock_Lamkansa4_57814995.htm,"Appartements dans Lamkansa, Toute la ville",430000,7166,60,2,2,Lamkansa,Toute La Ville,Low
25,Appartement Mohammedia au quartier du Parc,https://www.avito.ma/fr/quartier_du_parc/appartements/Appartement_%C3%A0_Mohammedia_au_quartier_du_Parc_57567583.htm,"Appartements dans Mohammedia, Quartier du Parc",1450000,11600,125,3,2,Mohammedia,Quartier Du Parc,Medium
26,L'OPPORTUNIT GULIZ-SEMLALIA 57 m,https://www.avito.ma/fr/gu%C3%A9liz/appartements/___L_OPPORTUNIT%C3%89_GU%C3%89LIZ_SEMLALIA_57_m%C2%B2_57689796.htm,"Appartements dans Marrakech, Guéliz",900000,15789,57,1,1,Marrakech,Guéliz,Medium
27,3 Chambres vendre 112 m Californie,https://www.avito.ma/fr/californie/appartements/3_Chambres_%C3%A0_vendre_112_m%C2%B2_%C3%A0_Californie_56564980.htm,"Appartements dans Casablanca, Californie",2000000,17094,117,3,2,Casablanca,Californie,Medium
28,CMN-AC-2063 - Appartement vendre Sidi Maarouf,https://www.avito.ma/fr/sidi_maarouf/appartements/CMN_AC_2063___Appartement_%C3%A0_vendre_%C3%A0_Sidi_Maarouf_57349576.htm,"Appartements dans Casablanca, Sidi Maarouf",900000,10588,85,2,2,Casablanca,Sidi Maarouf,Medium
29,2 Appartements moyen standing vendre Benguerir,https://www.avito.ma/fr/ben_guerir/appartements/2_Appartements_moyen_standing_%C3%A0_vendre___Benguerir_56548870.htm,"Appartements dans Ben Guerir, Toute la ville",520000,5652,92,2,2,Ben Guerir,Toute La Ville,Medium
30,Appartement vendre 90 m Limoune Ouled Tema,https://www.avito.ma/fr/ouled_te%C3%AFma/appartements/Appartement_%C3%A0_vendre_90_m%C2%B2_Limoune_%C3%A0_Ouled_Te%C3%AFma_56824722.htm,"Appartements dans Ouled Teïma, Toute la ville",585000,6500,90,3,1,Ouled Teïma,Toute La Ville,Medium
31,CMN-HA-1859 - Appartement vendre Beausjour,https://www.avito.ma/fr/beaus%C3%A9jour/appartements/CMN_HA_1859___Appartement_%C3%A0_vendre_%C3%A0_Beaus%C3%A9jour_57245367.htm,"Appartements dans Casablanca, Beauséjour",1270000,13368,95,2,2,Casablanca,Beauséjour,Medium
32,Appt 3 ch salon vendre Val Fleuri,https://www.avito.ma/fr/val_fleuri/appartements/Appt_3_ch_salon_%C3%A0_vendre_%C3%A0_Val_Fleuri_56660584.htm,"Appartements dans Casablanca, Val Fleuri",1800000,14285,126,3,2,Casablanca,Val Fleuri,Medium
33,3 Chambres vendre 143 m Californie,https://www.avito.ma/fr/californie/appartements/3_Chambres_%C3%A0_vendre_143_m%C2%B2_%C3%A0_Californie_56512306.htm,"Appartements dans Casablanca, Californie",2255000,15769,143,3,2,Casablanca,Californie,Medium
34,Appartement meubl 3 chambres vendre Tanger,https://www.avito.ma/fr/hay_hassani/appartements/Appartement_meubl%C3%A9_3_chambres_%C3%A0_vendre_Tanger_57304897.htm,"Appartements dans Tanger, Hay Hassani",650000,9285,70,3,1,Tanger,Hay Hassani,Medium
35,CMN-AN-1875 - Appartement vendre Bourgogne,https://www.avito.ma/fr/bourgogne/appartements/CMN_AN_1875___Appartement_%C3%A0_vendre_%C3%A0_Bourgogne_57306326.htm,"Appartements dans Casablanca, Bourgogne",1500000,13274,113,3,1,Casablanca,Bourgogne,Medium
36,Appartement 100 m Les Collines Sidi Maarouf,https://www.avito.ma/fr/sidi_maarouf/appartements/Appartement_100_m%C2%B2_Les_Collines_Sidi_Maarouf_57755840.htm,"Appartements dans Casablanca, Sidi Maarouf",1180000,11800,100,3,2,Casablanca,Sidi Maarouf,Medium
37,Appartement 67 m BOUSKOURA prix imbattable,https://www.avito.ma/fr/autre_secteur/appartements/Appartement_67_m%C2%B2_%C3%A0_BOUSKOURA_prix_imbattable_57595128.htm,"Appartements dans Casablanca, Autre secteur",690000,10298,67,2,1,Casablanca,Autre Secteur,Medium
38,Appartement en vente 61m Gueliz Piscine Rooftop,https://www.avito.ma/fr/gu%C3%A9liz/appartements/Appartement_en_vente_61m%C2%B2_%C3%A0_Gueliz_Piscine_Rooftop_57656300.htm,"Appartements dans Marrakech, Guéliz",1500000,24590,61,1,1,Marrakech,Guéliz,Medium
39,CMN-MA-2478 - Appartement vendre Burger,https://www.avito.ma/fr/maarif/appartements/CMN_MA_2478___Appartement_%C3%A0_vendre_%C3%A0_Burger_57365012.htm,"Appartements dans Casablanca, Maarif",2200000,11167,197,4,1,Casablanca,Maarif,Medium
40,Appartement vendre 60 m Marrakech,https://www.avito.ma/fr/gu%C3%A9liz/appartements/Appartement_%C3%A0_vendre_60_m%C2%B2_%C3%A0_Marrakech_57585644.htm,"Appartements dans Marrakech, Guéliz",1200000,20000,60,1,1,Marrakech,Guéliz,Medium
41,Studio-Neuf/JamaisHabit/ 62M/Tram Busway Ghandi,https://www.avito.ma/fr/maarif/appartements/Studio_Neuf_JamaisHabit%C3%A9__62M%C2%B2_Tram_Busway_Ghandi_57189622.htm,"Appartements dans Casablanca, Maarif",880000,14193,62,1,1,Casablanca,Maarif,Medium
42,A vendre un appart de 4 chambres sans voisins,https://www.avito.ma/fr/quartier_des_h%C3%B4pitaux/appartements/A_vendre_un_appart_de_4_chambres_sans_voisins_57375208.htm,"Appartements dans Casablanca, Quartier des Hôpitaux",3400000,12408,274,4,3,Casablanca,Quartier Des Hôpitaux,Medium
43,Appartement 2 chambres corniche investisseurs airbnb,https://www.avito.ma/fr/malabata/appartements/Appartement_2_chambres_corniche_investisseurs_airbnb_57831155.htm,"Appartements dans Tanger, Malabata",1100000,14666,75,2,1,Tanger,Malabata,Medium
44,Appartement vendre 51 m Casablanca,https://www.avito.ma/fr/gauthier/appartements/Appartement_%C3%A0_vendre_51_m%C2%B2_%C3%A0_Casablanca_57808527.htm,"Appartements dans Casablanca, Gauthier",1000000,19607,51,1,1,Casablanca,Gauthier,Medium
45,"Superbe appartement vendre dans le quartier Golf, route des Rmilat",https://www.avito.ma/fr/du_golf/appartements/Superbe_appartement_%C3%A0_vendre_dans_le_quartier_Golf__route_des_Rmilat_57030107.htm,"Appartements dans Tanger, Du Golf",960000,12151,79,2,1,Tanger,Du Golf,Medium
46,Superbe appartement Dar Bouazza,https://www.avito.ma/fr/dar_bouazza/appartements/Superbe_appartement_%C3%A0_Dar_Bouazza_57699278.htm,"Appartements dans Dar Bouazza, Toute la ville",2850000,14321,199,4,3,Dar Bouazza,Toute La Ville,Medium
47,Appartements vendre 56 m Marrakech,https://www.avito.ma/fr/mabrouka/appartements/Appartements_%C3%A0_vendre_56_m%C2%B2_%C3%A0_Marrakech_57418106.htm,"Appartements dans Marrakech, Mabrouka",560000,10000,56,2,1,Marrakech,Mabrouka,Medium
48,Appartement neuf vendre 71 m Marrakech,https://www.avito.ma/fr/m_hamid/appartements/Appartement_neuf_%C3%A0_vendre_71_m%C2%B2_%C3%A0_Marrakech_53696929.htm,"Appartements dans Marrakech, M'Hamid",460000,6478,71,3,2,Marrakech,M'Hamid,Low
49,Appartement vendre 85 m Sidi Rahal,https://www.avito.ma/fr/sidi_rahal/appartements/Appartement_%C3%A0_vendre_85_m%C2%B2_%C3%A0_Sidi_Rahal_57616748.htm,"Appartements dans Sidi Rahal, Toute la ville",990000,11647,85,2,1,Sidi Rahal,Toute La Ville,Medium
50,Appartement vendre 74 m Casablanca,https://www.avito.ma/fr/sidi_maarouf/appartements/Appartement_%C3%A0_vendre_74_m%C2%B2_%C3%A0_Casablanca_57677252.htm,"Appartements dans Casablanca, Sidi Maarouf",780000,10540,74,2,2,Casablanca,Sidi Maarouf,Medium
51,Appartement vendre 104 m Mohammedia,https://www.avito.ma/fr/quartier_du_parc/appartements/Appartement_%C3%A0_vendre_104_m%C2%B2_%C3%A0_Mohammedia_57711440.htm,"Appartements dans Mohammedia, Quartier du Parc",1590000,15288,104,2,2,Mohammedia,Quartier Du Parc,Medium
52,Appartement vendre opportunit unique Sad Hajji Sal,https://www.avito.ma/fr/said_hajji/appartements/Appartement_%C3%A0_vendre_opportunit%C3%A9_unique_%C3%A0_Sa%C3%AFd_Hajji___Sal%C3%A9_57812395.htm,"Appartements dans Salé, Said Hajji",620000,8857,70,2,1,Salé,Said Hajji,Medium
53,Duplex meubl vendre prs du stade Ibn Batouta,https://www.avito.ma/fr/ziatene/appartements/Duplex_meubl%C3%A9_%C3%A0_vendre_pr%C3%A8s_du_stade_Ibn_Batouta_57110774.htm,"Appartements dans Tanger, Ziatene",1300000,9285,140,2,1,Tanger,Ziatene,Medium
54,Appartement vendre 87 m Casablanca,https://www.avito.ma/fr/a%C3%AFn_chock/appartements/Appartement_%C3%A0_vendre_87_m%C2%B2_%C3%A0_Casablanca_57838125.htm,"Appartements dans Casablanca, Aïn Chock",700000,8045,87,2,1,Casablanca,Aïn Chock,Medium
55,Appartement 109 m Sal en cours de construction,https://www.avito.ma/fr/sala_el_jadida/appartements/Appartement_109_m%C2%B2_%C3%A0_Sal%C3%A9_en_cours_de_construction_57366961.htm,"Appartements dans Salé, Sala El Jadida",1320000,12110,109,3,2,Salé,Sala El Jadida,Medium
56,Neuf Appartement vendre 63 m Agadir,https://www.avito.ma/fr/hay_mohammadi/appartements/Neuf_Appartement_%C3%A0_vendre_63_m%C2%B2_%C3%A0_Agadir_57604791.htm,"Appartements dans Agadir, Hay Mohammadi",780000,12380,63,2,1,Agadir,Hay Mohammadi,Medium
57,Appartement vendre 102 m Agadir,https://www.avito.ma/fr/founty/appartements/Appartement_%C3%A0_vendre_102_m%C2%B2_%C3%A0_Agadir_57094364.htm,"Appartements dans Agadir, Founty",2750000,26960,102,2,3,Agadir,Founty,Medium
58,Appartement traversant avec vue merDernier tage,https://www.avito.ma/fr/anfa/appartements/Appartement_traversant_avec_vue_mer_Dernier_%C3%A9tage_57401272.htm,"Appartements dans Casablanca, Anfa",2300000,19008,121,2,1,Casablanca,Anfa,Medium
59,VENDRE APPARTEMENT SALON 3 CHAMBRES 70m2,https://www.avito.ma/fr/autre_secteur/appartements/%C3%80_VENDRE_APPARTEMENT_SALON_3_CHAMBRES_70m2_57279776.htm,"Appartements dans Casablanca, Autre secteur",735000,10500,70,3,2,Casablanca,Autre Secteur,Medium
60,Appartement vendre 136 m Casablanca,https://www.avito.ma/fr/val_fleuri/appartements/Appartement_%C3%A0_vendre_136_m%C2%B2_%C3%A0_Casablanca_57734809.htm,"Appartements dans Casablanca, Val Fleuri",2500000,18382,136,3,2,Casablanca,Val Fleuri,Medium
61,Spacieux appartement deux faades Belvdre,https://www.avito.ma/fr/belv%C3%A9d%C3%A8re/appartements/Spacieux_appartement_deux_fa%C3%A7ades_Belv%C3%A9d%C3%A8re_57130099.htm,"Appartements dans Casablanca, Belvédère",1100000,6748,163,2,2,Casablanca,Belvédère,Medium
62,Excellents appartements vendre,https://www.avito.ma/fr/autre_secteur/appartements/Excellents_appartements_%C3%A0_vendre_56831884.htm,"Appartements dans Temara, Autre secteur",900000,7500,120,4,2,Temara,Autre Secteur,Medium
63,Appartement 2 ch vendre vue sur mer,https://www.avito.ma/fr/malabata/appartements/Appartement_2_ch_%C3%A0_vendre_vue_sur_mer_57080322.htm,"Appartements dans Tanger, Malabata",2900000,35365,82,2,1,Tanger,Malabata,Medium
64,Duplex vendre 124 m Targa 11000 dhs m2,https://www.avito.ma/fr/targa/appartements/Duplex_%C3%A0_vendre_124_m%C2%B2_%C3%A0_Targa_11000_dhs_m2_57831838.htm,"Appartements dans Marrakech, Targa",1364000,11000,124,4,2,Marrakech,Targa,Medium
65,Appartement Meubl vendre l'Houda,https://www.avito.ma/fr/el_houda/appartements/Appartement_Meubl%C3%A9_%C3%A0_vendre_%C3%A0_l_Houda_57768697.htm,"Appartements dans Agadir, El Houda",640000,11636,55,2,1,Agadir,El Houda,Medium
66,Appartement avec terrasse vendre Hay Azdehar,https://www.avito.ma/fr/hay_izdihar/appartements/Appartement_avec_terrasse___%C3%A0_vendre_%C3%A0_Hay_Azdehar_57574042.htm,"Appartements dans Marrakech, Hay Izdihar",860000,12463,69,2,1,Marrakech,Hay Izdihar,Medium
67,Appart 93 m Sal en cours de construction,https://www.avito.ma/fr/sala_el_jadida/appartements/Appart_93_m%C2%B2_%C3%A0_Sal%C3%A9_en_cours_de_construction_57366771.htm,"Appartements dans Salé, Sala El Jadida",1095000,11774,93,3,2,Salé,Sala El Jadida,Medium
68,Appart 97 m Sal en cours de construction,https://www.avito.ma/fr/sala_el_jadida/appartements/Appart_97_m%C2%B2_%C3%A0_Sal%C3%A9_en_cours_de_construction_57366786.htm,"Appartements dans Salé, Sala El Jadida",1165000,12010,97,2,2,Salé,Sala El Jadida,Medium
69,Studio de 60 m vendre Marrakech,https://www.avito.ma/fr/gu%C3%A9liz/appartements/Studio_de_60_m%C2%B2_%C3%A0_vendre_%C3%A0_Marrakech_57765700.htm,"Appartements dans Marrakech, Guéliz",1140000,19000,60,1,1,Marrakech,Guéliz,Medium
70,Appartement vendre 76 m Marrakech,https://www.avito.ma/fr/victor_hugo/appartements/Appartement_%C3%A0_vendre_76_m%C2%B2_%C3%A0_Marrakech_57647629.htm,"Appartements dans Marrakech, Victor Hugo",1500000,19736,76,2,2,Marrakech,Victor Hugo,Medium
71,A vendre un bel appartement avec terrasse,https://www.avito.ma/fr/palmier/appartements/A_vendre_un_bel_appartement_avec_terrasse_57373926.htm,"Appartements dans Casablanca, Palmier",2480000,17714,140,3,2,Casablanca,Palmier,Medium
72,A vendre un joli appartement de 3 chambres,https://www.avito.ma/fr/racine/appartements/A_vendre_un_joli_appartement_de_3_chambres_57415416.htm,"Appartements dans Casablanca, Racine",2450000,18560,132,3,3,Casablanca,Racine,Medium
73,Apt Neuf 3 Chambres 1Salon roudani Maarif,https://www.avito.ma/fr/maarif/appartements/Apt_Neuf_3_Chambres_1Salon_roudani_Maarif_57343247.htm,"Appartements dans Casablanca, Maarif",1400000,20000,70,3,1,Casablanca,Maarif,Medium
74,Appartement rnov avec belle vue,https://www.avito.ma/fr/azzouzia/appartements/___Appartement_r%C3%A9nov%C3%A9_avec_belle_vue_57797690.htm,"Appartements dans Marrakech, Azzouzia",390000,6610,59,2,1,Marrakech,Azzouzia,Low
75,Appartement vendre Hay Salam Oujda,https://www.avito.ma/fr/hay_salam/appartements/Appartement_%C3%A0_vendre_%C3%A0_Hay_Salam_Oujda_57780476.htm,"Appartements dans Oujda, Hay Salam",380000,7169,53,2,1,Oujda,Hay Salam,Low
76,Appartement vendre 98 m Marrakech,https://www.avito.ma/fr/gu%C3%A9liz/appartements/Appartement_%C3%A0_vendre_98_m%C2%B2_%C3%A0_Marrakech_57736559.htm,"Appartements dans Marrakech, Guéliz",1500000,15306,98,2,2,Marrakech,Guéliz,Medium
77,Duplex RDC 47 m en vente - piscine Rooftop,https://www.avito.ma/fr/av_abdelkrim_el_khattabi/appartements/Duplex_RDC_47_m%C2%B2_en_vente___piscine_Rooftop_57606328.htm,"Appartements dans Marrakech, Av Abdelkrim El Khattabi",1708000,36340,47,1,2,Marrakech,Av Abdelkrim El Khattabi,Medium
78,TRIANGLE DOR BEL APPT A VENDRE AVEC TERRASSE,https://www.avito.ma/fr/triangle_d_or/appartements/TRIANGLE_D_OR_BEL_APPT_A_VENDRE_AVEC_TERRASSE_55809049.htm,"Appartements dans Casablanca, Triangle d'Or",3750000,14044,267,3,2,Casablanca,Triangle D'Or,Medium
79,Appartement vendre 149 m Casablanca,https://www.avito.ma/fr/belv%C3%A9d%C3%A8re/appartements/Appartement_%C3%A0_vendre_149_m%C2%B2_%C3%A0_Casablanca_57832871.htm,"Appartements dans Casablanca, Belvédère",850000,5704,149,3,2,Casablanca,Belvédère,Medium
80,Appartement 66 m Hay Nakhil Oujda,https://www.avito.ma/fr/autre_secteur/appartements/Appartement_66_m%C2%B2_%C3%A0_Hay_Nakhil_Oujda_55904368.htm,"Appartements dans Oujda, Autre secteur",690000,10454,66,3,1,Oujda,Autre Secteur,Medium
81,A VENDRE APPARTEMENTS NEUFS AVEC TITRES FONCIERS,https://www.avito.ma/fr/bir_rami/appartements/A_VENDRE_APPARTEMENTS_NEUFS_AVEC_TITRES_FONCIERS_57372793.htm,"Appartements dans Kénitra, Bir Rami",575000,6388,90,3,1,Kénitra,Bir Rami,Medium
82,Appartement en vente 65m Gueliz-Piscine Rooftop,https://www.avito.ma/fr/gu%C3%A9liz/appartements/Appartement_en_vente_65m%C2%B2_%C3%A0_Gueliz_Piscine_Rooftop_57658705.htm,"Appartements dans Marrakech, Guéliz",1498000,23046,65,1,1,Marrakech,Guéliz,Medium
83,Studio neuf 41 m2 vendre Roche Noires,https://www.avito.ma/fr/roches_noires/appartements/Studio_neuf_41_m2_%C3%A0_vendre_Roche_Noires_55587139.htm,"Appartements dans Casablanca, Roches Noires",640000,15609,41,1,1,Casablanca,Roches Noires,Medium
84,Duplex vendre avec piscine proche Guliz,https://www.avito.ma/fr/mabrouka/appartements/Duplex_%C3%A0_vendre_avec_piscine_proche_Gu%C3%A9liz_57727756.htm,"Appartements dans Marrakech, Mabrouka",1050000,11052,95,3,2,Marrakech,Mabrouka,Medium
85,Habit immobilier met en vente un joli studio,https://www.avito.ma/fr/bourgogne/appartements/Habit_immobilier_met_en_vente_un_joli_studio_57406412.htm,"Appartements dans Casablanca, Bourgogne",1180000,19666,60,1,1,Casablanca,Bourgogne,Medium
86,MARIF JOLI APPARTEMENT 109 m VENDRE,https://www.avito.ma/fr/maarif/appartements/MA%C3%82RIF_JOLI_APPARTEMENT_109_m%C2%B2_%C3%80_VENDRE_57654876.htm,"Appartements dans Casablanca, Maarif",1050000,9633,109,2,2,Casablanca,Maarif,Medium
87,Appartement vendre 75 m Casablanca,https://www.avito.ma/fr/ain_sebaa/appartements/Appartement_%C3%A0_vendre_75_m%C2%B2_%C3%A0_Casablanca_57634469.htm,"Appartements dans Casablanca, Ain Sebaa",650000,8666,75,2,1,Casablanca,Ain Sebaa,Medium
88,Appart 118 m tage 3 Sidi Maarouf,https://www.avito.ma/fr/sidi_maarouf/appartements/Appart_118_m%C2%B2_%C3%89tage_3_Sidi_Maarouf_57742399.htm,"Appartements dans Casablanca, Sidi Maarouf",1200000,10169,118,3,2,Casablanca,Sidi Maarouf,Medium
89,Bel appartement neuf vendre Oasis,https://www.avito.ma/fr/oasis/appartements/Bel_appartement_neuf_%C3%A0_vendre_%C3%A0_Oasis_57797969.htm,"Appartements dans Casablanca, Oasis",2400000,20338,118,3,2,Casablanca,Oasis,Medium
90,Appartement vue sur la gare routire sans intermdiaire,https://www.avito.ma/fr/autre_secteur/appartements/Appartement_vue_sur_la_gare_routi%C3%A8re_sans_interm%C3%A9diaire_56169439.htm,"Appartements dans Tanger, Autre secteur",550000,8208,67,2,1,Tanger,Autre Secteur,Medium
91,Magnifique penthouse vendre ou louer Wifac,https://www.avito.ma/fr/wifak/appartements/Magnifique_penthouse_%C3%A0_vendre_ou_%C3%A0_louer_%C3%A0_Wifac_57321110.htm,"Appartements dans Temara, Wifak",3150000,13695,230,4,2,Temara,Wifak,Medium
92,DUPLEX D'EXCEPTION Vue MER vendre MARINA Casa,https://www.avito.ma/fr/marina/appartements/DUPLEX_D_EXCEPTION_Vue_MER_%C3%A0_vendre_MARINA_Casa_57838040.htm,"Appartements dans Casablanca, Marina",3690000,18088,204,2,2,Casablanca,Marina,Medium
93,Appartement vendre 100 m Marrakech,https://www.avito.ma/fr/semlalia/appartements/Appartement_%C3%A0_vendre_100_m%C2%B2_%C3%A0_Marrakech_57604838.htm,"Appartements dans Marrakech, Semlalia",1200000,12000,100,3,2,Marrakech,Semlalia,Medium
94,Appartement vendre 48m Gueliz - Piscine Rooftop,https://www.avito.ma/fr/gu%C3%A9liz/appartements/Appartement_%C3%A0_vendre_48m%C2%B2_%C3%A0_Gueliz___Piscine_Rooftop_57658624.htm,"Appartements dans Marrakech, Guéliz",1077000,21979,49,1,1,Marrakech,Guéliz,Medium
95,Appartement vendre Sable d'Or Harhoura,https://www.avito.ma/fr/harhoura/appartements/Appartement_%C3%A0_vendre_Sable_d_Or_%C3%A0_Harhoura_57704808.htm,"Appartements dans Temara, Harhoura",2200000,16417,134,3,2,Temara,Harhoura,Medium
96,Appartement 67 m BOUSKOURA prix imbattable,https://www.avito.ma/fr/autre_secteur/appartements/Appartement_67_m%C2%B2_%C3%A0_BOUSKOURA_prix_imbattable_57595127.htm,"Appartements dans Casablanca, Autre secteur",690000,10298,67,2,1,Casablanca,Autre Secteur,Medium
97,Appartement vendre 145 m la marina casablanca,https://www.avito.ma/fr/autre_secteur/appartements/Appartement_%C3%A0_vendre_145_m%C2%B2_%C3%A0_la_marina_casablanca_56472283.htm,"Appartements dans Tanger, Autre secteur",3900000,25161,155,2,3,Tanger,Autre Secteur,Medium
98,APPART 3CH 118 m plus 12 m de parking Palmier,https://www.avito.ma/fr/maarif/appartements/APPART_3CH___118_m%C2%B2_plus_12_m%C2%B2_de_parking_%C3%A0_Palmier_57686401.htm,"Appartements dans Casablanca, Maarif",2260000,19152,118,3,1,Casablanca,Maarif,Medium
99,Meilleur invest Studio Neuf 62M Tram Busway Ghandi,https://www.avito.ma/fr/casablanca_finance_city/appartements/Meilleur_invest_Studio_Neuf_62M_Tram_Busway_Ghandi_57189382.htm,"Appartements dans Casablanca, Casablanca Finance City",880000,14193,62,1,1,Casablanca,Casablanca Finance City,Medium
100,Appartement en vent 51m Gueliz-Piscine Rooftop,https://www.avito.ma/fr/gu%C3%A9liz/appartements/Appartement_en_vent_51m%C2%B2_%C3%A0_Gueliz_Piscine_Rooftop_57658657.htm,"Appartements dans Marrakech, Guéliz",1267000,24843,51,1,1,Marrakech,Guéliz,Medium
101,Appartement neuf avec ascenseur et parking,https://www.avito.ma/fr/sidi_othmane/appartements/Appartement_neuf_avec_ascenseur_et_parking_55310114.htm,"Appartements dans Casablanca, Sidi Othmane",440000,5432,81,2,1,Casablanca,Sidi Othmane,Low
102,Appartement vendre 70 m Had Soualem,https://www.avito.ma/fr/had_soualem/appartements/Appartement_%C3%A0_vendre_70_m%C2%B2_%C3%A0_Had_Soualem_57838006.htm,"Appartements dans Had Soualem, Toute la ville",260000,3714,70,3,1,Had Soualem,Toute La Ville,Low
103,Appartement vendre 61 m Marrakech,https://www.avito.ma/fr/gu%C3%A9liz/appartements/Appartement_%C3%A0_vendre_61_m%C2%B2_%C3%A0_Marrakech_57656693.htm,"Appartements dans Marrakech, Guéliz",1530000,25081,61,1,1,Marrakech,Guéliz,Medium
104,Appartement vendre Rsidence noria 2 chambres,https://www.avito.ma/fr/autre_secteur/appartements/Appartement_%C3%A0_vendre_R%C3%A9sidence_noria_2_chambres_57372719.htm,"Appartements dans Marrakech, Autre secteur",2300000,27380,84,2,2,Marrakech,Autre Secteur,Medium
105,vendre appartement quartier Kenidi,https://www.avito.ma/fr/ville_nouvelle/appartements/%C3%80_vendre_appartement_quartier_Kenidi_57559189.htm,"Appartements dans Safi, Ville Nouvelle",500000,6172,81,3,2,Safi,Ville Nouvelle,Low
106,Projet Prestigieux avec piscine Route de Casa,https://www.avito.ma/fr/gu%C3%A9liz/appartements/Projet_Prestigieux_avec_piscine_Route_de_Casa_54457734.htm,"Appartements dans Marrakech, Guéliz",669000,669000,1,1,1,Marrakech,Guéliz,Medium
107,Appartement vendre 117 m Marrakech,https://www.avito.ma/fr/gu%C3%A9liz/appartements/Appartement_%C3%A0_vendre_117_m%C2%B2_%C3%A0_Marrakech_57756948.htm,"Appartements dans Marrakech, Guéliz",1800000,15384,117,3,3,Marrakech,Guéliz,Medium
108,Studio Neuf 53m2 Balcon Clim Riviera,https://www.avito.ma/fr/riviera/appartements/Studio_Neuf_53m2_Balcon_Clim_Riviera_55740690.htm,"Appartements dans Casablanca, Riviera",1060000,20000,53,1,1,Casablanca,Riviera,Medium
109,Rsidence River Palm,https://www.avito.ma/fr/route_de_casablanca/appartements/R%C3%A9sidence_River_Palm_57756080.htm,"Appartements dans Marrakech, Route de Casablanca",1500000,16666,90,2,2,Marrakech,Route De Casablanca,Medium
110,Appartement vendre 92 m El Jadida,https://www.avito.ma/fr/hay_essalam/appartements/Appartement_%C3%A0_vendre_92_m%C2%B2_%C3%A0_El_Jadida_57837955.htm,"Appartements dans El Jadida, Hay Essalam",750000,8152,92,3,2,El Jadida,Hay Essalam,Medium
111,appartement meubl vendre,https://www.avito.ma/fr/mimosas/appartements/appartement_meubl%C3%A9_%C3%A0_vendre_57763197.htm,"Appartements dans Kénitra, Mimosas",1100000,10000,110,3,2,Kénitra,Mimosas,Medium
112,PALMIER JOLI STUDIO NEUF AVEC TERRASSE VENDRE,https://www.avito.ma/fr/palmier/appartements/PALMIER_JOLI_STUDIO_NEUF_AVEC_TERRASSE_%C3%80_VENDRE_57392471.htm,"Appartements dans Casablanca, Palmier",1235000,22870,54,1,1,Casablanca,Palmier,Medium
113,Appartement vendre Temara,https://www.avito.ma/fr/autre_secteur/appartements/Appartement_%C3%A0_vendre_%C3%A0_Temara_45494983.htm,"Appartements dans Temara, Autre secteur",960000,7500,128,3,1,Temara,Autre Secteur,Medium
114,LA PERLA BLANCA -E-8 25/56952,https://www.avito.ma/fr/autre_secteur/appartements/LA_PERLA_BLANCA__E_8_25_56952_57813601.htm,"Appartements dans Benslimane, Autre secteur",1150000,10087,114,3,2,Benslimane,Autre Secteur,Medium
115,Appartement vendre 60 m Marrakech,https://www.avito.ma/fr/gu%C3%A9liz/appartements/Appartement_%C3%A0_vendre_60_m%C2%B2_%C3%A0_Marrakech_57658682.htm,"Appartements dans Marrakech, Guéliz",1320000,22000,60,2,1,Marrakech,Guéliz,Medium
116,Studio Neuf 42m2 Balcon Garage Maarif,https://www.avito.ma/fr/maarif/appartements/Studio_Neuf_42m2__Balcon_Garage_Maarif_57421540.htm,"Appartements dans Casablanca, Maarif",960000,22857,42,1,1,Casablanca,Maarif,Medium
117,"Rsidence Prestige 2, Quartier Al-Azhar",https://www.avito.ma/fr/sidi_bernoussi/appartements/R%C3%A9sidence_Prestige_2__Quartier_Al_Azhar_56176008.htm,"Appartements dans Casablanca, Sidi Bernoussi",860000,8514,101,3,2,Casablanca,Sidi Bernoussi,Medium
118,Luxueux studio en vente a Gueliz pour AIRBNB,https://www.avito.ma/fr/av_abdelkrim_el_khattabi/appartements/Luxueux_studio_en_vente_a_Gueliz_pour_AIRBNB_57606267.htm,"Appartements dans Marrakech, Av Abdelkrim El Khattabi",1526500,25024,61,1,1,Marrakech,Av Abdelkrim El Khattabi,Medium
119,LEXCEPTION URBAINE Duplex 66 m Guliz,https://www.avito.ma/fr/gu%C3%A9liz/appartements/___L_EXCEPTION_URBAINE_Duplex_66_m%C2%B2_%C3%A0_Gu%C3%A9liz_57674996.htm,"Appartements dans Marrakech, Guéliz",1518000,23353,65,1,1,Marrakech,Guéliz,Medium
120,CMN-SI-1877 - Appartement vendre Bourgogne Est,https://www.avito.ma/fr/bourgogne/appartements/CMN_SI_1877___Appartement_%C3%A0_vendre_%C3%A0_Bourgogne_Est_57328148.htm,"Appartements dans Casablanca, Bourgogne",1050000,13815,76,2,1,Casablanca,Bourgogne,Medium
121,CMN-MA-2470 - Appartement vendre Les Hpitaux,https://www.avito.ma/fr/quartier_des_h%C3%B4pitaux/appartements/CMN_MA_2470___Appartement_%C3%A0_vendre_%C3%A0_Les_H%C3%B4pitaux_57340348.htm,"Appartements dans Casablanca, Quartier des Hôpitaux",1450000,12393,117,3,1,Casablanca,Quartier Des Hôpitaux,Medium
122,Appartement vendre 69 m Casablanca,https://www.avito.ma/fr/a%C3%AFn_borja/appartements/Appartement_%C3%A0_vendre_69_m%C2%B2_%C3%A0_Casablanca_38635452.htm,"Appartements dans Casablanca, Aïn Borja",440000,6376,69,3,1,Casablanca,Aïn Borja,Low
123,"Appartement rnov proche gare, plage et zoo",https://www.avito.ma/fr/ain_sebaa/appartements/Appartement_r%C3%A9nov%C3%A9_proche_gare__plage_et_zoo_57778622.htm,"Appartements dans Casablanca, Ain Sebaa",600000,8955,67,2,1,Casablanca,Ain Sebaa,Medium
124,Duplex meubl au centre gueliz pour investissement,https://www.avito.ma/fr/gu%C3%A9liz/appartements/Duplex_meubl%C3%A9_au_centre_gueliz_pour_investissement_57780457.htm,"Appartements dans Marrakech, Guéliz",850000,16037,53,1,1,Marrakech,Guéliz,Medium
125,Appartement vendre 110 m Casablanca,https://www.avito.ma/fr/2_mars/appartements/Appartement_%C3%A0_vendre_110_m%C2%B2_%C3%A0_Casablanca_57775489.htm,"Appartements dans Casablanca, 2 Mars",1700000,15454,110,3,2,Casablanca,2 Mars,Medium
126,appartement vendre,https://www.avito.ma/fr/aida/appartements/appartement_%C3%A0_vendre_57758453.htm,"Appartements dans Tanger, Aida",1200000,12371,97,3,2,Tanger,Aida,Medium
127,Appartement vendre 88 m Mohammedia,https://www.avito.ma/fr/corniche/appartements/Appartement_%C3%A0_vendre_88_m%C2%B2_%C3%A0_Mohammedia_57837850.htm,"Appartements dans Mohammedia, Corniche",980000,10208,96,3,2,Mohammedia,Corniche,Medium
128,VENTE DIRECTE SUPERBES APPARTEMENTS,https://www.avito.ma/fr/hay_hassani/appartements/VENTE_DIRECTE_SUPERBES_APPARTEMENTS_57279893.htm,"Appartements dans Casablanca, Hay Hassani",860000,11025,78,2,2,Casablanca,Hay Hassani,Medium
129,Appartement vendre 104m Amanar Agadir,https://www.avito.ma/fr/centre_ville/appartements/Appartement_%C3%A0_vendre_104m%C2%B2_Amanar_%C3%A0_Agadir_56449553.htm,"Appartements dans Agadir, Centre Ville",1456000,14000,104,3,1,Agadir,Centre Ville,Medium
130,Appartement vendre rue Royal Army,https://www.avito.ma/fr/centre_ville/appartements/Appartement_%C3%A0_vendre_rue_Royal_Army_55897749.htm,"Appartements dans Tétouan, Centre ville",1500000,10000,150,3,2,Tétouan,Centre Ville,Medium
131,"Appartement 74 m, ascenseur, syndic, dclaration totale",https://www.avito.ma/fr/tanja_balia/appartements/Appartement_74_m%C2%B2__ascenseur__syndic__d%C3%A9claration_totale_57837840.htm,"Appartements dans Tanger, Tanja Balia",555000,7500,74,2,1,Tanger,Tanja Balia,Medium
132,Grand Appartement Mhamid Avenue Nakhil,https://www.avito.ma/fr/m_hamid/appartements/Grand_Appartement_Mhamid_Avenue_Nakhil_57161563.htm,"Appartements dans Marrakech, M'Hamid",820000,6507,126,2,2,Marrakech,M'Hamid,Medium
133,Appartement vendre 88 m Dar Bouazza,https://www.avito.ma/fr/dar_bouazza/appartements/Appartement_%C3%A0_vendre_88_m%C2%B2_%C3%A0_Dar_Bouazza_57569111.htm,"Appartements dans Dar Bouazza, Toute la ville",1200000,13636,88,2,2,Dar Bouazza,Toute La Ville,Medium
134,Appartement vendre 54 m Casablanca,https://www.avito.ma/fr/oulfa/appartements/Appartement_%C3%A0_vendre_54_m%C2%B2_%C3%A0_Casablanca_54903537.htm,"Appartements dans Casablanca, Oulfa",500000,9259,54,2,1,Casablanca,Oulfa,Low
135,Appartement vue mer Anza Miftah Sahil meubl,https://www.avito.ma/fr/anza/appartements/Appartement_vue_mer_Anza_Miftah_Sahil_meubl%C3%A9_57729148.htm,"Appartements dans Agadir, Anza",1200000,20000,60,1,1,Agadir,Anza,Medium
136,CMN-SI-1879 - Appartement vendre Ziraoui,https://www.avito.ma/fr/bourgogne/appartements/CMN_SI_1879___Appartement_%C3%A0_vendre_%C3%A0_Ziraoui_57331613.htm,"Appartements dans Casablanca, Bourgogne",3480000,13384,260,3,2,Casablanca,Bourgogne,Medium
137,Appartement vendre 129 m Casablanca,https://www.avito.ma/fr/almaz/appartements/Appartement_%C3%A0_vendre_129_m%C2%B2_%C3%A0_Casablanca_57503328.htm,"Appartements dans Casablanca, Almaz",1700000,11643,146,3,3,Casablanca,Almaz,Medium
138,Appartement vendre 73m La Perle Bleue Dakhla,https://www.avito.ma/fr/dakhla/appartements/Appartement_%C3%A0_vendre_73m%C2%B2_La_Perle_Bleue_%C3%A0_Dakhla_56420853.htm,"Appartements dans Dakhla, Toute la ville",581625,7967,73,3,1,Dakhla,Toute La Ville,Medium
139,Appartement meubl 76 m ascenseur syndic sur la rue,https://www.avito.ma/fr/tanja_balia/appartements/Appartement_meubl%C3%A9_76_m_ascenseur_syndic_sur_la_rue_57837828.htm,"Appartements dans Tanger, Tanja Balia",798000,10500,76,2,1,Tanger,Tanja Balia,Medium
140,Appartement vendre 50 m Marrakech,https://www.avito.ma/fr/victor_hugo/appartements/Appartement_%C3%A0_vendre_50_m%C2%B2_%C3%A0_Marrakech_57584074.htm,"Appartements dans Marrakech, Victor Hugo",1200000,24000,50,1,1,Marrakech,Victor Hugo,Medium
141,Appartement vendre 123 m Casablanca,https://www.avito.ma/fr/abdelmoumen/appartements/Appartement_%C3%A0_vendre_123_m%C2%B2_%C3%A0_Casablanca_55242385.htm,"Appartements dans Casablanca, Abdelmoumen",1780000,14471,123,3,2,Casablanca,Abdelmoumen,Medium
142,"Appartement avec terrasse 118 m, ascenseur, syndic, 3 minutes de la gare",https://www.avito.ma/fr/tanja_balia/appartements/Appartement_avec_terrasse_118_m%C2%B2__ascenseur__syndic__3_minutes_de_la_gare_57837794.htm,"Appartements dans Tanger, Tanja Balia",800000,6779,118,2,1,Tanger,Tanja Balia,Medium
143,"Appartement vendre au quatrime tage, excellent emplacement",https://www.avito.ma/fr/autre_secteur/appartements/Appartement_%C3%A0_vendre_au_quatri%C3%A8me_%C3%A9tage__excellent_emplacement_57210053.htm,"Appartements dans Bouznika, Autre secteur",395000,7053,56,2,1,Bouznika,Autre Secteur,Low
144,Appartement 4 pices 2 salles de bain ascenseur syndic sur la rue,https://www.avito.ma/fr/tanja_balia/appartements/Appartement_4_pi%C3%A8ces_2_salles_de_bain_ascenseur_syndic_sur_la_rue_57837786.htm,"Appartements dans Tanger, Tanja Balia",1070000,10490,102,4,2,Tanger,Tanja Balia,Medium
145,Appartement vendre105mLes Jardins de la Coupole,https://www.avito.ma/fr/av_mokawama/appartements/Appartement_%C3%A0_vendre105m%C2%B2Les_Jardins_de_la_Coupole_56420860.htm,"Appartements dans Agadir, Av Mokawama",1369592,13043,105,4,1,Agadir,Av Mokawama,Medium
146,Appartement Massira 1 Ahbass 4me tage,https://www.avito.ma/fr/massira_1/appartements/Appartement_Massira_1_Ahbass_4%C3%A8me_%C3%A9tage_57648339.htm,"Appartements dans Marrakech, Massira 1",780000,6902,113,2,1,Marrakech,Massira 1,Medium
147,Appartement 2 terrasses 196 m ascenseur syndic dclaration totale,https://www.avito.ma/fr/tanja_balia/appartements/Appartement_2_terrasses_196_m_ascenseur_syndic_d%C3%A9claration_totale_57837777.htm,"Appartements dans Tanger, Tanja Balia",1020000,5204,196,2,1,Tanger,Tanja Balia,Medium
148,Appartement vendre 165 m Casablanca,https://www.avito.ma/fr/racine/appartements/Appartement_%C3%A0_vendre_165_m%C2%B2_%C3%A0_Casablanca_57627551.htm,"Appartements dans Casablanca, Racine",3500000,19886,176,3,3,Casablanca,Racine,Medium
149,Appartement vendre 95 m Marrakech,https://www.avito.ma/fr/route_de_safi/appartements/Appartement_%C3%A0_vendre_95_m%C2%B2_%C3%A0_Marrakech_57746811.htm,"Appartements dans Marrakech, Route de Safi",1350000,14210,95,2,1,Marrakech,Route De Safi,Medium
150,Appartement 140m Vendre -Quartier Administratif,https://www.avito.ma/fr/administratif/appartements/Appartement_140m%C2%B2_%C3%A0_Vendre__Quartier_Administratif_57569778.htm,"Appartements dans Tanger, Administratif",1700000,12142,140,3,1,Tanger,Administratif,Medium
151,Appartement vendre 95 m Marrakech palmeraie,https://www.avito.ma/fr/palmeraie/appartements/Appartement_%C3%A0_vendre_95_m%C2%B2_%C3%A0_Marrakech_palmeraie_57216492.htm,"Appartements dans Marrakech, Palmeraie",1500000,15789,95,2,2,Marrakech,Palmeraie,Medium
152,Appartement Ensoleill vendre 50 m Tamensourt,https://www.avito.ma/fr/tamensourt/appartements/Appartement_Ensoleill%C3%A9_%C3%A0_vendre_50_m%C2%B2_%C3%A0_Tamensourt_57744621.htm,"Appartements dans Tamensourt, Toute la ville",295000,5900,50,1,1,Tamensourt,Toute La Ville,Low
153,CMN-MA-1866 - Appartement vendre Les princesses,https://www.avito.ma/fr/les_princesses/appartements/CMN_MA_1866___Appartement_%C3%A0_vendre_%C3%A0_Les_princesses_55872150.htm,"Appartements dans Casablanca, Les Princesses",1330000,12547,106,2,1,Casablanca,Les Princesses,Medium
154,Appartement de 110 m vendre Castilla Tanger,https://www.avito.ma/fr/castilla/appartements/Appartement_de_110_m%C2%B2_%C3%A0_vendre_%C3%A0_Castilla___Tanger_57671885.htm,"Appartements dans Tanger, Castilla",1150000,10454,110,2,1,Tanger,Castilla,Medium
155,Studio vue piscine vendre 51 m Marrakech,https://www.avito.ma/fr/hivernage/appartements/Studio_vue_piscine_%C3%A0_vendre_51_m%C2%B2_%C3%A0_Marrakech_57774591.htm,"Appartements dans Marrakech, Hivernage",1150000,22549,51,1,1,Marrakech,Hivernage,Medium
156,Superbe Appartement vendre 75 m Marrakech,https://www.avito.ma/fr/hay_izdihar/appartements/Superbe_Appartement_%C3%A0_vendre_75_m%C2%B2_%C3%A0_Marrakech_57790073.htm,"Appartements dans Marrakech, Hay Izdihar",1050000,14000,75,2,2,Marrakech,Hay Izdihar,Medium
157,Superbe studio 56 m saisir Marrakech,https://www.avito.ma/fr/gu%C3%A9liz/appartements/Superbe_studio_56_m%C2%B2_%C3%A0_saisir_%C3%A0_Marrakech_57765868.htm,"Appartements dans Marrakech, Guéliz",1064000,19000,56,1,1,Marrakech,Guéliz,Medium
158,Appartement vendre 136 m Marrakech,https://www.avito.ma/fr/victor_hugo/appartements/Appartement_%C3%A0_vendre_136_m%C2%B2_%C3%A0_Marrakech_57568134.htm,"Appartements dans Marrakech, Victor Hugo",1500000,11029,136,3,2,Marrakech,Victor Hugo,Medium
159,Appartement neuf et moderne sur la corniche,https://www.avito.ma/fr/malabata/appartements/Appartement_neuf_et_moderne_sur_la_corniche_57703995.htm,"Appartements dans Tanger, Malabata",1700000,17000,100,2,2,Tanger,Malabata,Medium
160,Spacieux Appartement 2 Chambres la Vente Guliz,https://www.avito.ma/fr/gu%C3%A9liz/appartements/Spacieux_Appartement_2_Chambres_%C3%A0_la_Vente_Gu%C3%A9liz_57648625.htm,"Appartements dans Marrakech, Guéliz",2350000,21363,110,2,2,Marrakech,Guéliz,Medium
161,Appartement excellent 64 mtres avec soutien financier,https://www.avito.ma/fr/autre_secteur/appartements/Appartement_excellent_64_m%C3%A8tres_avec_soutien_financier_56250121.htm,"Appartements dans Marrakech, Autre secteur",520000,8125,64,2,1,Marrakech,Autre Secteur,Medium
162,Appartement vendre 126 m ain ktiouit Tanger,https://www.avito.ma/fr/iberie/appartements/Appartement_%C3%A0_vendre_126_m%C2%B2_%C3%A0_ain_ktiouit_Tanger_56898210.htm,"Appartements dans Tanger, Iberie",2100000,16666,126,3,1,Tanger,Iberie,Medium
163,CMN-AC-2017 - Appartement vendre Californie,https://www.avito.ma/fr/californie/appartements/CMN_AC_2017___Appartement_%C3%A0_vendre_%C3%A0_Californie_57245074.htm,"Appartements dans Casablanca, Californie",1690000,11736,144,2,2,Casablanca,Californie,Medium
164,Bel appartement en vente bd 2 mars,https://www.avito.ma/fr/2_mars/appartements/Bel_appartement_en_vente_bd_2_mars_55936018.htm,"Appartements dans Casablanca, 2 Mars",1930000,14961,129,3,2,Casablanca,2 Mars,Medium
165,Studio de 59m vendre Ain Sebaa,https://www.avito.ma/fr/ain_sebaa/appartements/Studio_de_59m%C2%B2_%C3%A0_vendre_%C3%A0_Ain_Sebaa_56512484.htm,"Appartements dans Casablanca, Ain Sebaa",620000,10508,59,1,1,Casablanca,Ain Sebaa,Medium
166,Appartement vendre 100 m Essaouira,https://www.avito.ma/fr/essaouira/appartements/Appartement_%C3%A0_vendre_100_m%C2%B2_%C3%A0_Essaouira_57768262.htm,"Appartements dans Essaouira, Toute la ville",1300000,13000,100,2,1,Essaouira,Toute La Ville,Medium
167,Trs beau 3ch au Maarif Extension,https://www.avito.ma/fr/ma%C3%A2rif_extension/appartements/Tr%C3%A8s_beau_3ch_au_Maarif_Extension_57837638.htm,"Appartements dans Casablanca, Maârif Extension",2150000,14726,146,3,3,Casablanca,Maârif Extension,Medium
168,CMN-SI-1881 - Appartement vendre Bourgogne Est,https://www.avito.ma/fr/bourgogne/appartements/CMN_SI_1881___Appartement_%C3%A0_vendre_%C3%A0_Bourgogne_Est_57341638.htm,"Appartements dans Casablanca, Bourgogne",1800000,17475,103,3,2,Casablanca,Bourgogne,Medium
169,BEN-MA-1118 - Appartement vendre Mansouria-B...,https://www.avito.ma/fr/autre_secteur/appartements/BEN_MA_1118___Appartement_%C3%A0_vendre_%C3%A0_Mansouria_B____57276565.htm,"Appartements dans Benslimane, Autre secteur",1200000,12244,98,2,1,Benslimane,Autre Secteur,Medium
170,"Opportunit rare Izdihar, Appartement vendre",https://www.avito.ma/fr/hay_izdihar/appartements/Opportunit%C3%A9_rare_%C3%A0_Izdihar__Appartement_%C3%A0_vendre_57837649.htm,"Appartements dans Marrakech, Hay Izdihar",870000,13593,64,2,1,Marrakech,Hay Izdihar,Medium
171,Appartement en vente ain borja,https://www.avito.ma/fr/a%C3%AFn_borja/appartements/Appartement_en_vente_ain_borja_50678435.htm,"Appartements dans Casablanca, Aïn Borja",850000,10493,81,2,2,Casablanca,Aïn Borja,Medium
172,Appartement 2 chambres vendre - Sbata Ben M'sik,https://www.avito.ma/fr/ben_m_sick/appartements/Appartement_2_chambres_%C3%A0_vendre___Sbata_Ben_M_sik_57768245.htm,"Appartements dans Casablanca, Ben M'sick",560000,10566,53,2,1,Casablanca,Ben M'Sick,Medium
173,Appartement vendre 52 m Casablanca,https://www.avito.ma/fr/ain_sebaa/appartements/Appartement_%C3%A0_vendre_52_m%C2%B2_%C3%A0_Casablanca_56849909.htm,"Appartements dans Casablanca, Ain Sebaa",420000,8076,52,2,1,Casablanca,Ain Sebaa,Low
174,Appartement neuf enregistr conserv Mdina Errahma,https://www.avito.ma/fr/errahma/appartements/Appartement_neuf_enregistr%C3%A9_conserv%C3%A9_M%C3%A9dina_Errahma_50961295.htm,"Appartements dans Casablanca, Errahma",570000,7600,75,3,2,Casablanca,Errahma,Medium
175,Appartement de luxe vendre Marina golf Asilah,https://www.avito.ma/fr/asilah/appartements/Appartement_de_luxe_%C3%A0_vendre_%C3%A0_Marina_golf_Asilah_57837614.htm,"Appartements dans Asilah, Toute la ville",1800000,15929,113,3,2,Asilah,Toute La Ville,Medium
176,Appartement Mers Sultan 139 m Casablanca,https://www.avito.ma/fr/mers_sultan/appartements/Appartement_Mers_Sultan_139_m%C2%B2_%C3%A0_Casablanca_56434189.htm,"Appartements dans Casablanca, Mers Sultan",1750000,12589,139,2,2,Casablanca,Mers Sultan,Medium
177,Appartement Vendre 120 m Casablanca/A,https://www.avito.ma/fr/anfa/appartements/Appartement_%C3%A0_Vendre_120_m%C2%B2_%C3%A0_Casablanca_A_57837626.htm,"Appartements dans Casablanca, Anfa",2500000,20833,120,3,3,Casablanca,Anfa,Medium
178,beau duplex en vente ain borja,https://www.avito.ma/fr/a%C3%AFn_chock/appartements/beau_duplex_en_vente_ain_borja_57467935.htm,"Appartements dans Casablanca, Aïn Chock",850000,10000,85,2,1,Casablanca,Aïn Chock,Medium
179,CMN-HA-1848 - Appartement vendre Lissasfa,https://www.avito.ma/fr/lissasfa/appartements/CMN_HA_1848___Appartement_%C3%A0_vendre_%C3%A0_Lissasfa_57291337.htm,"Appartements dans Casablanca, Lissasfa",930000,9029,103,3,1,Casablanca,Lissasfa,Medium
180,Bel appartement en vente al fida,https://www.avito.ma/fr/al_fida/appartements/Bel_appartement_en_vente_al_fida_55715816.htm,"Appartements dans Casablanca, Al Fida",660000,10000,66,2,1,Casablanca,Al Fida,Medium
181,Appartement vendre 68 m au maarif,https://www.avito.ma/fr/maarif/appartements/Appartement_%C3%A0_vendre_68_m%C2%B2_au_maarif_56499615.htm,"Appartements dans Casablanca, Maarif",1280000,18823,68,2,1,Casablanca,Maarif,Medium
182,bel appartement en vente ain borja,https://www.avito.ma/fr/a%C3%AFn_borja/appartements/bel_appartement_en_vente_ain_borja_53581921.htm,"Appartements dans Casablanca, Aïn Borja",693500,8778,79,3,1,Casablanca,Aïn Borja,Medium
183,Appartement vendre 90 m centre ville Fs,https://www.avito.ma/fr/centre/appartements/Appartement_%C3%A0_vendre_90_m%C2%B2_centre_ville_F%C3%A8s_56433490.htm,"Appartements dans Fès, Centre",450000,5000,90,2,1,Fès,Centre,Low
184,Appartement vendre 59 m Ain Sebaa,https://www.avito.ma/fr/ain_sebaa/appartements/Appartement_%C3%A0_vendre_59_m%C2%B2_%C3%A0_Ain_Sebaa_57634725.htm,"Appartements dans Casablanca, Ain Sebaa",708000,12000,59,2,2,Casablanca,Ain Sebaa,Medium
185,Bel appartement vente belvedere,https://www.avito.ma/fr/belv%C3%A9d%C3%A8re/appartements/Bel_appartement_vente_belvedere_51013634.htm,"Appartements dans Casablanca, Belvédère",970000,8899,109,3,2,Casablanca,Belvédère,Medium
186,Bel appartement vente quartier des hpitaux,https://www.avito.ma/fr/quartier_des_h%C3%B4pitaux/appartements/Bel_appartement_vente_quartier_des_h%C3%B4pitaux_48561359.htm,"Appartements dans Casablanca, Quartier des Hôpitaux",1200000,13043,92,2,2,Casablanca,Quartier Des Hôpitaux,Medium
187,Appartement de Luxe 270 mHay Riad Rabat,https://www.avito.ma/fr/hay_riad/appartements/Appartement_de_Luxe_270_m%C2%B2_Hay_Riad_Rabat_57801889.htm,"Appartements dans Rabat, Hay Riad",8000000,29629,270,3,4,Rabat,Hay Riad,High
188,Grand bel appartement en vente Casablanca,https://www.avito.ma/fr/centre_ville/appartements/Grand_bel_appartement_en_vente_Casablanca_56540709.htm,"Appartements dans Casablanca, Centre Ville",1690000,8941,189,3,2,Casablanca,Centre Ville,Medium
189,Bel appartement de 73m Ain Sebaa,https://www.avito.ma/fr/oulfa/appartements/Bel_appartement_de_73m%C2%B2_%C3%A0_Ain_Sebaa_54211100.htm,"Appartements dans Casablanca, Oulfa",817600,11200,73,3,2,Casablanca,Oulfa,Medium
190,CMN-AC-1971 - Appartement vendre Sidi Maarouf,https://www.avito.ma/fr/sidi_maarouf/appartements/CMN_AC_1971___Appartement_%C3%A0_vendre_%C3%A0_Sidi_Maarouf_57245006.htm,"Appartements dans Casablanca, Sidi Maarouf",770000,10694,72,2,1,Casablanca,Sidi Maarouf,Medium
191,Appartement 110 m Casablanca,https://www.avito.ma/fr/sidi_bernoussi/appartements/Appartement_110_m%C2%B2_%C3%A0_Casablanca_54645618.htm,"Appartements dans Casablanca, Sidi Bernoussi",530000,4818,110,3,2,Casablanca,Sidi Bernoussi,Medium
192,CMN-MA-2404 - Appartement vendre Les princesses,https://www.avito.ma/fr/les_princesses/appartements/CMN_MA_2404___Appartement_%C3%A0_vendre_%C3%A0_Les_princesses_57234386.htm,"Appartements dans Casablanca, Les Princesses",2400000,19834,121,3,2,Casablanca,Les Princesses,Medium
193,CMN-HA-1920 - Appartement vendre Oulfa,https://www.avito.ma/fr/oulfa/appartements/CMN_HA_1920___Appartement_%C3%A0_vendre_%C3%A0_Oulfa_57324742.htm,"Appartements dans Casablanca, Oulfa",1092000,14000,78,2,2,Casablanca,Oulfa,Medium
194,bel appartement en vente 3 chambres 1 salon,https://www.avito.ma/fr/a%C3%AFn_borja/appartements/bel_appartement_en_vente_3_chambres_1_salon_49517461.htm,"Appartements dans Casablanca, Aïn Borja",950000,8482,112,3,1,Casablanca,Aïn Borja,Medium
195,Grand appartement en vente Ain Borja,https://www.avito.ma/fr/a%C3%AFn_borja/appartements/Grand_appartement_en_vente_%C3%A0_Ain_Borja_57043473.htm,"Appartements dans Casablanca, Aïn Borja",1600000,7111,225,4,2,Casablanca,Aïn Borja,Medium
196,CMN-MA-1139 - Appartement vendre Val Fleurie,https://www.avito.ma/fr/val_fleuri/appartements/CMN_MA_1139___Appartement_%C3%A0_vendre_%C3%A0_Val_Fleurie_57319442.htm,"Appartements dans Casablanca, Val Fleuri",1800000,13953,129,2,2,Casablanca,Val Fleuri,Medium
197,Grand appartement en vente Ain Borja,https://www.avito.ma/fr/a%C3%AFn_borja/appartements/Grand_appartement_en_vente_Ain_Borja_57439726.htm,"Appartements dans Casablanca, Aïn Borja",970000,6554,148,3,2,Casablanca,Aïn Borja,Medium
198,Beau studio en vente bd Anfa,https://www.avito.ma/fr/anfa/appartements/Beau_studio_en_vente_bd_Anfa_57367130.htm,"Appartements dans Casablanca, Anfa",1200000,24000,50,1,1,Casablanca,Anfa,Medium
199,Bel appartement vendre prs du quartier Al Qods Bernoussi,https://www.avito.ma/fr/sidi_bernoussi/appartements/Bel_appartement_%C3%A0_vendre_pr%C3%A8s_du_quartier_Al_Qods_Bernoussi_57001375.htm,"Appartements dans Casablanca, Sidi Bernoussi",670000,7701,87,2,2,Casablanca,Sidi Bernoussi,Medium
200,RBA-YA-1053 - Appartement vendre Hay El Menzah,https://www.avito.ma/fr/autre_secteur/appartements/RBA_YA_1053___Appartement_%C3%A0_vendre_%C3%A0_Hay_El_Menzah_56835389.htm,"Appartements dans Rabat, Autre secteur",2100000,14000,150,3,2,Rabat,Autre Secteur,Medium
201,CMN-ME-1691 - Appartement vendre 2 Mars,https://www.avito.ma/fr/2_mars/appartements/CMN_ME_1691___Appartement_%C3%A0_vendre_%C3%A0_2_Mars_57340227.htm,"Appartements dans Casablanca, 2 Mars",2100000,13461,156,3,2,Casablanca,2 Mars,Medium
202,BEN-MA-1119 - Appartement vendre Mansouria-B...,https://www.avito.ma/fr/autre_secteur/appartements/BEN_MA_1119___Appartement_%C3%A0_vendre_%C3%A0_Mansouria_B____57356776.htm,"Appartements dans Benslimane, Autre secteur",1640000,15045,109,2,2,Benslimane,Autre Secteur,Medium
203,Complexe Al Nour Tanger,https://www.avito.ma/fr/autre_secteur/appartements/Complexe_Al_Nour_Tanger_57837534.htm,"Appartements dans Tanger, Autre secteur",940000,10930,86,3,1,Tanger,Autre Secteur,Medium
204,Trs bel appartement 3Ch pieds sans l'eau,https://www.avito.ma/fr/dar_bouazza/appartements/Tr%C3%A8s_bel_appartement_3Ch_pieds_sans_l_eau_57837526.htm,"Appartements dans Dar Bouazza, Toute la ville",2390000,16597,144,3,2,Dar Bouazza,Toute La Ville,Medium
205,Appartement vendre 100 m Tanger,https://www.avito.ma/fr/centre_ville/appartements/Appartement_%C3%A0_vendre_100_m%C2%B2_%C3%A0_Tanger_57837515.htm,"Appartements dans Tanger, Centre ville",1700000,17000,100,2,2,Tanger,Centre Ville,Medium
206,Appartement vendre Ahla,https://www.avito.ma/fr/marjane/appartements/Appartement_%C3%A0_vendre_%C3%A0_Ahla_57837513.htm,"Appartements dans Tanger, Marjane",150000,1127,133,3,1,Tanger,Marjane,Low
207,Appartement trois chambres salon,https://www.avito.ma/fr/mabrouka/appartements/Appartement_trois_chambres_salon_57774663.htm,"Appartements dans Marrakech, Mabrouka",550000,8593,64,3,2,Marrakech,Mabrouka,Medium
208,Appart vendre 76 m (Rez Chausse) Bouznika,https://www.avito.ma/fr/autre_secteur/appartements/Appart_%C3%A0_vendre_76_m%C2%B2__Rez_Chauss%C3%A9e__%C3%A0_Bouznika_56732656.htm,"Appartements dans Bouznika, Autre secteur",530000,6973,76,2,1,Bouznika,Autre Secteur,Medium
209,Appart vendre 72 m Izdihar Marrakech,https://www.avito.ma/fr/hay_izdihar/appartements/Appart_%C3%A0_vendre_72_m%C2%B2_Izdihar_Marrakech_57485474.htm,"Appartements dans Marrakech, Hay Izdihar",940000,13055,72,2,1,Marrakech,Hay Izdihar,Medium
210,Excellent Appartements vendre,https://www.avito.ma/fr/autre_secteur/appartements/Excellent_Appartements_%C3%A0_vendre_56843700.htm,"Appartements dans Temara, Autre secteur",950000,8260,115,3,2,Temara,Autre Secteur,Medium
211,vendre studio avec terrasse,https://www.avito.ma/fr/gu%C3%A9liz/appartements/%C3%80_vendre_studio_avec_terrasse_57778597.htm,"Appartements dans Marrakech, Guéliz",990000,28285,35,1,1,Marrakech,Guéliz,Medium
212,Appartement vendre 67 m Asilah,https://www.avito.ma/fr/asilah/appartements/Appartement_%C3%A0_vendre_67_m%C2%B2_%C3%A0_Asilah_56773217.htm,"Appartements dans Asilah, Toute la ville",900000,13432,67,2,1,Asilah,Toute La Ville,Medium
213,"Appartement excellent vendre Haye Militaire, El Bustan, Meknes",https://www.avito.ma/fr/el_bassatine/appartements/Appartement_excellent_%C3%A0_vendre_%C3%A0_Haye_Militaire__El_Bustan__Meknes_57837458.htm,"Appartements dans Meknès, El Bassatine",360000,4000,90,2,2,Meknès,El Bassatine,Low
214,Appartement vendre 64 m Tanger,https://www.avito.ma/fr/autre_secteur/appartements/Appartement_%C3%A0_vendre_64_m%C2%B2_%C3%A0_Tanger_57801598.htm,"Appartements dans Tanger, Autre secteur",720000,11250,64,2,1,Tanger,Autre Secteur,Medium
215,TNG-TA-1129 - Appartement vendre Msala,https://www.avito.ma/fr/autre_secteur/appartements/TNG_TA_1129___Appartement_%C3%A0_vendre_%C3%A0_Msala_57618931.htm,"Appartements dans Tanger, Autre secteur",1350000,15697,86,2,1,Tanger,Autre Secteur,Medium
216,Appartement au 4me tage avec ascenseur la rsidence Jawharat Al Atlas,https://www.avito.ma/fr/b%C3%A9ni_mellal/appartements/Appartement_au_4%C3%A8me_%C3%A9tage_avec_ascenseur_%C3%A0_la_r%C3%A9sidence_Jawharat_Al_Atlas_57370619.htm,"Appartements dans Béni Mellal, Toute la ville",400000,4761,84,3,2,Béni Mellal,Toute La Ville,Low
217,Appartement vendre 174m2 Mers Sultan,https://www.avito.ma/fr/mers_sultan/appartements/Appartement_%C3%A0_vendre_174m2_%C3%A0_Mers_Sultan_57145224.htm,"Appartements dans Casablanca, Mers Sultan",440000,2528,174,3,2,Casablanca,Mers Sultan,Low
218,Investissement rentable 5 min de Gueliz.,https://www.avito.ma/fr/route_de_casablanca/appartements/Investissement_rentable_%C3%A0_5_min__de_Gueliz____57837393.htm,"Appartements dans Marrakech, Route de Casablanca",1350000,16071,84,2,2,Marrakech,Route De Casablanca,Medium
219,Appartement vendre Azib Haj Kaddour,https://www.avito.ma/fr/marjane/appartements/Appartement_%C3%A0_vendre_%C3%A0_Azib_Haj_Kaddour_57837387.htm,"Appartements dans Tanger, Marjane",750000,11718,64,2,1,Tanger,Marjane,Medium
220,APPART 91m 2FACES vue piscine MARBELLA BEACH,https://www.avito.ma/fr/autre_secteur/appartements/APPART_91m_2FACES_vue_piscine_%C3%A0_MARBELLA_BEACH_57747136.htm,"Appartements dans Mohammedia, Autre secteur",1030000,11318,91,2,2,Mohammedia,Autre Secteur,Medium
221,Appartement vendre 120 m Guich des Oudayas,https://www.avito.ma/fr/guich_oudaya/appartements/Appartement_%C3%A0_vendre_120_m%C2%B2_%C3%A0_Guich_des_Oudayas_57837383.htm,"Appartements dans Rabat, Guich Oudaya",1700000,14166,120,2,2,Rabat,Guich Oudaya,Medium
222,Diar Alfath Lot 10 Taje 1,https://www.avito.ma/fr/autre_secteur/appartements/Diar_Alfath_Lot_10_Taje_1_57837381.htm,"Appartements dans Casablanca, Autre secteur",430000,6417,67,2,1,Casablanca,Autre Secteur,Low
223,Appartements vendre prs du caf Russie,https://www.avito.ma/fr/martil/appartements/Appartements_%C3%A0_vendre_pr%C3%A8s_du_caf%C3%A9_Russie_57739365.htm,"Appartements dans Martil, Toute la ville",850000,10625,80,3,1,Martil,Toute La Ville,Medium
224,Appartements de qualit vendre,https://www.avito.ma/fr/autre_secteur/appartements/Appartements_de_qualit%C3%A9_%C3%A0_vendre_56807420.htm,"Appartements dans Temara, Autre secteur",750000,10000,75,2,1,Temara,Autre Secteur,Medium
225,Appartement vendre,https://www.avito.ma/fr/victor_hugo/appartements/Appartement_%C3%A0_vendre_57172033.htm,"Appartements dans Marrakech, Victor Hugo",1450000,19594,74,2,2,Marrakech,Victor Hugo,Medium
226,Appartement de haut standing,https://www.avito.ma/fr/safir/appartements/Appartement_de_haut_standing_57783470.htm,"Appartements dans Tétouan, Safir",1650000,11224,147,2,2,Tétouan,Safir,Medium
227,Bel Appartement dans la rsidence Jardins Souss,https://www.avito.ma/fr/hay_mohammadi/appartements/Bel_Appartement_dans_la_r%C3%A9sidence_Jardins_Souss_57837365.htm,"Appartements dans Agadir, Hay Mohammadi",1100000,11458,96,2,2,Agadir,Hay Mohammadi,Medium
228,Appartement vendre 70 m Essaouira,https://www.avito.ma/fr/centre_ville/appartements/Appartement_%C3%A0_vendre_70_m%C2%B2_%C3%A0_Essaouira_57768043.htm,"Appartements dans Essaouira, Centre ville",720000,9600,75,2,1,Essaouira,Centre Ville,Medium
229,Appartement sur R plus 2,https://www.avito.ma/fr/hay_essalam/appartements/Appartement_sur_R_plus_2_55568045.htm,"Appartements dans El Jadida, Hay Essalam",930000,11625,80,3,2,El Jadida,Hay Essalam,Medium
230,Bel appartement vendre calme proche de tout,https://www.avito.ma/fr/wislane/appartements/Bel_appartement_%C3%A0_vendre_calme_proche_de_tout_57460389.htm,"Appartements dans Meknès, Wislane",450000,3913,115,3,1,Meknès,Wislane,Low
231,Appartements Excellent a vendre,https://www.avito.ma/fr/autre_secteur/appartements/Appartements_Excellent_a_vendre_57006337.htm,"Appartements dans Temara, Autre secteur",1200000,12500,96,2,1,Temara,Autre Secteur,Medium
232,Appartement vendre 99 m Casablanca,https://www.avito.ma/fr/sidi_maarouf/appartements/Appartement_%C3%A0_vendre_99_m%C2%B2_%C3%A0_Casablanca_56666374.htm,"Appartements dans Casablanca, Sidi Maarouf",950000,10919,87,3,2,Casablanca,Sidi Maarouf,Medium
233,Appartement vendre 122m Casablanca Mers sultan,https://www.avito.ma/fr/mers_sultan/appartements/Appartement_%C3%A0_vendre_122m%C2%B2_Casablanca_Mers_sultan_56403599.htm,"Appartements dans Casablanca, Mers Sultan",1366400,11200,122,3,1,Casablanca,Mers Sultan,Medium
234,Un appartement,https://www.avito.ma/fr/hamria/appartements/Un_appartement_57792800.htm,"Appartements dans Meknès, Hamria",1100000,5500,200,3,2,Meknès,Hamria,Medium
235,Appartement Al Qods Bernoussi,https://www.avito.ma/fr/sidi_bernoussi/appartements/Appartement_%C3%A0_Al_Qods_Bernoussi_56314871.htm,"Appartements dans Casablanca, Sidi Bernoussi",1150000,11734,98,3,2,Casablanca,Sidi Bernoussi,Medium
236,Appartement vendre 64 m Casablanca,https://www.avito.ma/fr/hay_hassani/appartements/Appartement_%C3%A0_vendre_64_m%C2%B2_%C3%A0_Casablanca_57837301.htm,"Appartements dans Casablanca, Hay Hassani",640000,10000,64,2,1,Casablanca,Hay Hassani,Medium
237,Appartement vendre 51 m Casablanca,https://www.avito.ma/fr/oulfa/appartements/Appartement_%C3%A0_vendre_51_m%C2%B2_%C3%A0_Casablanca_57837293.htm,"Appartements dans Casablanca, Oulfa",330000,6470,51,2,1,Casablanca,Oulfa,Low
238,Bel appartement terrasse Essaouira,https://www.avito.ma/fr/centre_ville/appartements/Bel_appartement_terrasse_%C3%A0_Essaouira_57277766.htm,"Appartements dans Essaouira, Centre ville",850000,13709,62,1,1,Essaouira,Centre Ville,Medium
239,Appartements vendre Harhoura Valdor,https://www.avito.ma/fr/harhoura/appartements/Appartements_%C3%A0_vendre_%C3%A0_Harhoura_Valdor_57004457.htm,"Appartements dans Temara, Harhoura",1560000,16956,92,2,1,Temara,Harhoura,Medium
240,Appartement vendre 50 m Casablanca,https://www.avito.ma/fr/oulfa/appartements/Appartement_%C3%A0_vendre_50_m%C2%B2_%C3%A0_Casablanca_57837289.htm,"Appartements dans Casablanca, Oulfa",340000,6800,50,2,1,Casablanca,Oulfa,Low
241,Appartement vendre 50 m Casablanca,https://www.avito.ma/fr/errahma/appartements/Appartement_%C3%A0_vendre_50_m%C2%B2_%C3%A0_Casablanca_57837285.htm,"Appartements dans Casablanca, Errahma",220000,4400,50,2,1,Casablanca,Errahma,Low
242,"Appartement ""Soumi Vini"" dans un quartier chic prs de la mosque et sans intrt",https://www.avito.ma/fr/autre_secteur/appartements/Appartement__Soumi_Vini__dans_un_quartier_chic_pr%C3%A8s_de_la_mosqu%C3%A9e_et_sans_int%C3%A9r%C3%AAt_57737989.htm,"Appartements dans Benslimane, Autre secteur",380000,3015,126,3,1,Benslimane,Autre Secteur,Low
243,Triplex de 200m 200m avenue ibn badis,https://www.avito.ma/fr/autre_secteur/appartements/Triplex_de_200m%C2%B2_%C3%A0_200m_avenue_ibn_badis_57052573.htm,"Appartements dans El Jadida, Autre secteur",1120000,5517,203,3,1,El Jadida,Autre Secteur,Medium
244,Appartement vendre 92 m boustane El Jadida,https://www.avito.ma/fr/al_boustane/appartements/Appartement_%C3%A0_vendre_92_m%C2%B2_%C3%A0_boustane_El_Jadida_57179527.htm,"Appartements dans El Jadida, Al Boustane",660000,7173,92,2,1,El Jadida,Al Boustane,Medium
245,Studio de Luxe Meubl vendre,https://www.avito.ma/fr/gu%C3%A9liz/appartements/Studio_de_Luxe_Meubl%C3%A9_%C3%A0_vendre_57542020.htm,"Appartements dans Marrakech, Guéliz",1100000,24444,45,1,1,Marrakech,Guéliz,Medium
246,Appartement spacieux 107 m 3 chambres,https://www.avito.ma/fr/targa/appartements/Appartement_spacieux_107_m%C2%B2_3_chambres_57837171.htm,"Appartements dans Marrakech, Targa",1177000,11000,107,2,2,Marrakech,Targa,Medium
247,APPARTEMENT VENDRE AV HASSAN 2,https://www.avito.ma/fr/autre_secteur/appartements/APPARTEMENT_%C3%80_VENDRE_AV_HASSAN_2_57837179.htm,"Appartements dans Tétouan, Autre secteur",980000,6621,148,4,2,Tétouan,Autre Secteur,Medium
248,Appartement vendre 171 m EL MENEZEH,https://www.avito.ma/fr/souissi/appartements/Appartement_%C3%A0_vendre_171_m%C2%B2_EL_MENEZEH_56796176.htm,"Appartements dans Rabat, Souissi",3300000,19298,171,3,2,Rabat,Souissi,Medium
249,Appartement vendre,https://www.avito.ma/fr/targa/appartements/Appartement_%C3%A0_vendre_56277376.htm,"Appartements dans Marrakech, Targa",1500000,15306,98,2,2,Marrakech,Targa,Medium
250,"Superbe appartement vendre, premier tage, 290 000 dirhams",https://www.avito.ma/fr/bir_rami/appartements/Superbe_appartement_%C3%A0_vendre__premier_%C3%A9tage__290_000_dirhams_57778120.htm,"Appartements dans Kénitra, Bir Rami",290000,4142,70,2,2,Kénitra,Bir Rami,Low
251,Appartement vendre 75 m Essaouira,https://www.avito.ma/fr/centre_ville/appartements/Appartement_%C3%A0_vendre_75_m%C2%B2_%C3%A0_Essaouira_57767821.htm,"Appartements dans Essaouira, Centre ville",1000000,13333,75,3,2,Essaouira,Centre Ville,Medium
252,Appartement vendre Tmara Wifak 87m,https://www.avito.ma/fr/wifak/appartements/Appartement_%C3%80_vendre_%C3%A0_T%C3%A9mara_Wifak_87m%C2%B2_56368979.htm,"Appartements dans Temara, Wifak",1450000,16666,87,2,2,Temara,Wifak,Medium
253,Appartement vendre 128 m Bouskoura,https://www.avito.ma/fr/victoria/appartements/Appartement_%C3%A0_vendre_128_m%C2%B2_%C3%A0_Bouskoura_57814586.htm,"Appartements dans Bouskoura, Victoria",1300000,9285,140,3,2,Bouskoura,Victoria,Medium
254,A vendre un bel Appartement refait neuf,https://www.avito.ma/fr/triangle_d_or/appartements/A_vendre_un_bel_Appartement_refait_%C3%A0_neuf_56397805.htm,"Appartements dans Casablanca, Triangle d'Or",2950000,14750,200,3,3,Casablanca,Triangle D'Or,Medium
255,Appartement neuf haut standing,https://www.avito.ma/fr/dar_bouazza/appartements/Appartement_neuf_haut_standing_56888994.htm,"Appartements dans Dar Bouazza, Toute la ville",650000,9848,66,2,2,Dar Bouazza,Toute La Ville,Medium
256,Appartement vendre 140 m Bouznika,https://www.avito.ma/fr/autre_secteur/appartements/Appartement_%C3%A0_vendre_140_m%C2%B2_%C3%A0_Bouznika_56060026.htm,"Appartements dans Bouznika, Autre secteur",760000,5205,146,3,2,Bouznika,Autre Secteur,Medium
257,Appartement vendre 76 m Sidi Rahal,https://www.avito.ma/fr/sidi_rahal/appartements/Appartement_%C3%A0_vendre_76_m%C2%B2_%C3%A0_Sidi_Rahal_57720145.htm,"Appartements dans Sidi Rahal, Toute la ville",620000,8157,76,3,2,Sidi Rahal,Toute La Ville,Medium
258,APPARTEMENT VENDRE ABWAB GUELIZ,https://www.avito.ma/fr/mabrouka/appartements/APPARTEMENT_%C3%80_VENDRE_%C3%80_ABWAB_GUELIZ_57325805.htm,"Appartements dans Marrakech, Mabrouka",700000,8750,80,2,2,Marrakech,Mabrouka,Medium
259,Appartement vendre 233 m Rabat,https://www.avito.ma/fr/hay_riad/appartements/Appartement_%C3%A0_vendre_233_m%C2%B2_%C3%A0_Rabat_57837107.htm,"Appartements dans Rabat, Hay Riad",8000000,34334,233,4,4,Rabat,Hay Riad,High
260,Appartement neuf vendre 136 m Harhoura Valdor,https://www.avito.ma/fr/harhoura/appartements/Appartement_neuf_%C3%A0_vendre_136_m%C2%B2_%C3%A0_Harhoura_Valdor_56193135.htm,"Appartements dans Temara, Harhoura",2400000,17647,136,3,3,Temara,Harhoura,Medium
261,Appartement vendre 199 m Boulevard Zerktouni,https://www.avito.ma/fr/maarif/appartements/Appartement_%C3%A0_vendre_199_m%C2%B2_%C3%A0_Boulevard_Zerktouni_57706141.htm,"Appartements dans Casablanca, Maarif",3800000,19095,199,3,3,Casablanca,Maarif,Medium
262,APPARTEMENT VENDRE AU CUR DE GUELIZ,https://www.avito.ma/fr/gu%C3%A9liz/appartements/APPARTEMENT_%C3%80_VENDRE_AU_C_UR_DE_GUELIZ_57733289.htm,"Appartements dans Marrakech, Guéliz",2300000,20909,110,2,2,Marrakech,Guéliz,Medium
263,Appartement vendre,https://www.avito.ma/fr/larache/appartements/Appartement_%C3%A0_vendre_57696245.htm,"Appartements dans Larache, Toute la ville",1150000,5066,227,4,2,Larache,Toute La Ville,Medium
264,Appartement vendre,https://www.avito.ma/fr/agdal/appartements/Appartement_%C3%A0_vendre_57837060.htm,"Appartements dans Oujda, Agdal",600000,5454,110,2,1,Oujda,Agdal,Medium
265,Tayssir Dhouha Knitra,https://www.avito.ma/fr/ouled_oujih/appartements/Tayssir_Dhouha_K%C3%A9nitra_57837036.htm,"Appartements dans Kénitra, Ouled Oujih",340000,5151,66,3,1,Kénitra,Ouled Oujih,Low
266,Appartement vendre 75 m Agadir,https://www.avito.ma/fr/hay_mohammadi/appartements/Appartement_%C3%A0_vendre_75_m%C2%B2_%C3%A0_Agadir_57837030.htm,"Appartements dans Agadir, Hay Mohammadi",1040000,13866,75,3,1,Agadir,Hay Mohammadi,Medium
267,Appt 2 ch double salon vendre Borgogne ouest,https://www.avito.ma/fr/les_princesses/appartements/Appt_2_ch_double_salon_%C3%A0_vendre_%C3%A0_Borgogne_ouest_56936558.htm,"Appartements dans Casablanca, Les Princesses",2500000,17857,140,2,2,Casablanca,Les Princesses,Medium
268,"Appartement vendre, premier tage Abwab Marrakech",https://www.avito.ma/fr/les_portes_de_marrakech/appartements/Appartement_%C3%A0_vendre__premier_%C3%A9tage_%C3%A0_Abwab_Marrakech_57836979.htm,"Appartements dans Marrakech, Les Portes de Marrakech",370000,7400,50,2,1,Marrakech,Les Portes De Marrakech,Low
269,Appartement vendre 70 m au Vizir Center Marrakech,https://www.avito.ma/fr/route_de_casablanca/appartements/Appartement_%C3%A0_vendre_70_m%C2%B2_au_Vizir_Center_%C3%A0_Marrakech_57822484.htm,"Appartements dans Marrakech, Route de Casablanca",1250000,17857,70,1,2,Marrakech,Route De Casablanca,Medium
270,Appartements de qualit vendre Ain Atiq,https://www.avito.ma/fr/ain_atig/appartements/Appartements_de_qualit%C3%A9_%C3%A0_vendre_%C3%A0_Ain_Atiq_56687150.htm,"Appartements dans Temara, Ain Atig",850000,9659,88,3,1,Temara,Ain Atig,Medium
271,Appartement dexception front mer- Tamaris Premium,https://www.avito.ma/fr/tamaris/appartements/Appartement_d_exception_front_mer__Tamaris_Premium_57728469.htm,"Appartements dans Tamaris, Toute la ville",2000000,17094,117,2,1,Tamaris,Toute La Ville,Medium
272,Appartement vendre 83 m Ain sebaa,https://www.avito.ma/fr/ain_sebaa/appartements/Appartement_%C3%A0_vendre_83_m%C2%B2_%C3%A0_Ain_sebaa_57361684.htm,"Appartements dans Casablanca, Ain Sebaa",1080000,13012,83,3,2,Casablanca,Ain Sebaa,Medium
273,Appartement vendre 79m Ain Sebaa,https://www.avito.ma/fr/ain_sebaa/appartements/Appartement_%C3%A0_vendre_79m%C2%B2_%C3%A0_Ain_Sebaa_57279649.htm,"Appartements dans Casablanca, Ain Sebaa",948000,12000,79,3,2,Casablanca,Ain Sebaa,Medium
274,Appartement de luxe vendre vue mer,https://www.avito.ma/fr/tanger_city_center/appartements/Appartement_de_luxe_%C3%A0_vendre_vue_mer_57831775.htm,"Appartements dans Tanger, Tanger City Center",2340000,32500,72,2,2,Tanger,Tanger City Center,Medium
275,Appartement vendre 140 m la marina Casablanca,https://www.avito.ma/fr/marina/appartements/Appartement_%C3%A0_vendre_140_m%C2%B2_la_marina_Casablanca_56471980.htm,"Appartements dans Casablanca, Marina",3900000,25161,155,2,3,Casablanca,Marina,Medium
276,Appartement en face Zone Villa,https://www.avito.ma/fr/seyad/appartements/Appartement_en_face_Zone_Villa_57279509.htm,"Appartements dans Kénitra, Seyad",520000,7647,68,2,1,Kénitra,Seyad,Medium
277,APPARTEMENT RSIDENCE TAOUIRT TAGHAZOUT BAY,https://www.avito.ma/fr/tamraght/appartements/APPARTEMENT_R%C3%89SIDENCE_TAOUIRT_TAGHAZOUT_BAY_57812541.htm,"Appartements dans Agadir, Tamraght",3200000,32323,99,1,2,Agadir,Tamraght,Medium
278,Appartement vendre 61 m Mekns,https://www.avito.ma/fr/autre_secteur/appartements/Appartement_%C3%A0_vendre_61_m%C2%B2_%C3%A0_Mekn%C3%A8s_57198863.htm,"Appartements dans Meknès, Autre secteur",380000,5937,64,3,2,Meknès,Autre Secteur,Low
279,appartement Bahia Golf beach,https://www.avito.ma/fr/autre_secteur/appartements/appartement_%C3%A0_Bahia_Golf_beach_57728547.htm,"Appartements dans Bouznika, Autre secteur",1949000,16107,121,3,2,Bouznika,Autre Secteur,Medium
280,Appartement 2 chambres vendre Oulfa,https://www.avito.ma/fr/oulfa/appartements/Appartement_2_chambres_%C3%A0_vendre_%C3%A0_Oulfa_57792383.htm,"Appartements dans Casablanca, Oulfa",900000,11250,80,2,2,Casablanca,Oulfa,Medium
281,appartement meubl,https://www.avito.ma/fr/said_hajji/appartements/appartement_meubl%C3%A9_57722532.htm,"Appartements dans Salé, Said Hajji",460000,8363,55,2,1,Salé,Said Hajji,Low
282,Appartement louer 60 m Casablanca,https://www.avito.ma/fr/hay_moulay_rachid/appartements/Appartement_%C3%A0_louer_60_m%C2%B2_%C3%A0_Casablanca_57836917.htm,"Appartements dans Casablanca, Hay Moulay Rachid",375000,6250,60,2,1,Casablanca,Hay Moulay Rachid,Low
283,Appartement R+2//hawtta,https://www.avito.ma/fr/autre_secteur/appartements/Appartement_R_2__hawtta_57627228.htm,"Appartements dans El Jadida, Autre secteur",360000,5142,70,2,1,El Jadida,Autre Secteur,Low
284,"Appartement vendre, 2 Mars Casablanca",https://www.avito.ma/fr/2_mars/appartements/Appartement_%C3%A0_vendre__2_Mars_Casablanca_57807245.htm,"Appartements dans Casablanca, 2 Mars",2400000,15094,159,3,3,Casablanca,2 Mars,Medium
285,Appartement vendre 82 m Knitra,https://www.avito.ma/fr/alliance/appartements/Appartement_%C3%A0_vendre_82_m%C2%B2_%C3%A0_K%C3%A9nitra_57403368.htm,"Appartements dans Kénitra, alliance",640000,7804,82,2,2,Kénitra,Alliance,Medium
286,Appartements vendre 137 m Marrakech,https://www.avito.ma/fr/gu%C3%A9liz/appartements/Appartements_%C3%A0_vendre_137_m%C2%B2_%C3%A0_Marrakech_57274587.htm,"Appartements dans Marrakech, Guéliz",2400000,17518,137,3,2,Marrakech,Guéliz,Medium
287,Appartement vendre 71 m ALMAZ,https://www.avito.ma/fr/almaz/appartements/Appartement_%C3%A0_vendre_71_m%C2%B2_%C3%A0_ALMAZ_57442813.htm,"Appartements dans Casablanca, Almaz",830000,11690,71,2,1,Casablanca,Almaz,Medium
288,Appartement RDC meubl 60m Route de Guemassa,https://www.avito.ma/fr/m_hamid/appartements/Appartement_RDC_meubl%C3%A9_60m%C2%B2_Route_de_Guemassa_57826966.htm,"Appartements dans Marrakech, M'Hamid",610000,10166,60,2,1,Marrakech,M'Hamid,Medium
289,Appartement vendre 256 m Tanger,https://www.avito.ma/fr/achakar/appartements/Appartement_%C3%A0_vendre_256_m%C2%B2_%C3%A0_Tanger_57767426.htm,"Appartements dans Tanger, Achakar",1900000,7421,256,3,3,Tanger,Achakar,Medium
290,"Appartement vendre Settat, prix 28 millions",https://www.avito.ma/fr/settat/appartements/Appartement_%C3%A0_vendre_%C3%A0_Settat__prix_28_millions_57836842.htm,"Appartements dans Settat, Toute la ville",280000,4375,64,2,1,Settat,Toute La Ville,Low
291,Appartement Avec Terrasse vendre Tamraght,https://www.avito.ma/fr/tamraght/appartements/Appartement_Avec_Terrasse_%C3%A0_vendre_%C3%A0_Tamraght_57414199.htm,"Appartements dans Agadir, Tamraght",1030000,12875,80,2,2,Agadir,Tamraght,Medium
292,Appartement vendre 120 m Tanger,https://www.avito.ma/fr/autre_secteur/appartements/Appartement_%C3%A0_vendre_120_m%C2%B2_%C3%A0_Tanger_57778013.htm,"Appartements dans Tanger, Autre secteur",2500000,15151,165,2,2,Tanger,Autre Secteur,Medium
293,Appartement vendre 84 m Mekns,https://www.avito.ma/fr/el_bassatine/appartements/Appartement_%C3%A0_vendre_84_m%C2%B2_%C3%A0_Mekn%C3%A8s_57836833.htm,"Appartements dans Meknès, El Bassatine",380000,4130,92,2,2,Meknès,El Bassatine,Low
294,Appartement de 73 mtres dans un immeuble de seulement 6 appartements,https://www.avito.ma/fr/skikina/appartements/Appartement_de_73_m%C3%A8tres_dans_un_immeuble_de_seulement_6_appartements_57359791.htm,"Appartements dans Temara, Skikina",710000,9726,73,2,1,Temara,Skikina,Medium
295,Appartement vendre 176 m Tanger,https://www.avito.ma/fr/administratif/appartements/Appartement_%C3%A0_vendre_176_m%C2%B2_%C3%A0_Tanger_57778075.htm,"Appartements dans Tanger, Administratif",3500000,19886,176,4,2,Tanger,Administratif,Medium
296,Appartement vendre 70 m Tanger,https://www.avito.ma/fr/hay_hassani/appartements/Appartement_%C3%A0_vendre_70_m%C2%B2_%C3%A0_Tanger_57778111.htm,"Appartements dans Tanger, Hay Hassani",1200000,17142,70,2,1,Tanger,Hay Hassani,Medium
297,vendre appartement de luxe malabata hills,https://www.avito.ma/fr/sania/appartements/%C3%80_vendre_appartement_de_luxe_%C3%A0_malabata_hills_57061349.htm,"Appartements dans Tanger, Sania",8000000,21857,366,3,2,Tanger,Sania,High
298,Appartement vendre 68 m Knitra,https://www.avito.ma/fr/bir_rami/appartements/Appartement_%C3%A0_vendre_68_m%C2%B2_%C3%A0_K%C3%A9nitra_57694394.htm,"Appartements dans Kénitra, Bir Rami",340000,5000,68,2,1,Kénitra,Bir Rami,Low
299,"Appartement au premier tage, rsidence Saada",https://www.avito.ma/fr/hay_mohammadi/appartements/Appartement_au_premier_%C3%A9tage__r%C3%A9sidence_Saada_57836763.htm,"Appartements dans Agadir, Hay Mohammadi",540000,10384,52,2,1,Agadir,Hay Mohammadi,Medium
300,En face des Forces Auxiliaires,https://www.avito.ma/fr/el_houda/appartements/En_face_des_Forces_Auxiliaires_57836766.htm,"Appartements dans Agadir, El Houda",1100000,8088,136,3,1,Agadir,El Houda,Medium
301,Appartement vendre 90 m Casablanca,https://www.avito.ma/fr/ain_sebaa/appartements/Appartement_%C3%A0_vendre_90_m%C2%B2_%C3%A0_Casablanca_57836754.htm,"Appartements dans Casablanca, Ain Sebaa",850000,8947,95,2,2,Casablanca,Ain Sebaa,Medium
302,Appartement vendre rsidence Halima 1 38 millions,https://www.avito.ma/fr/sal%C3%A9/appartements/Appartement_%C3%A0_vendre_r%C3%A9sidence_Halima_1_38_millions_57836747.htm,"Appartements dans Salé, Toute la ville",662451235,11829486,56,2,1,Salé,Toute La Ville,High
303,Appartement vendre 95 m Knitra,https://www.avito.ma/fr/bir_rami/appartements/Appartement_%C3%A0_vendre_95_m%C2%B2_%C3%A0_K%C3%A9nitra_57806454.htm,"Appartements dans Kénitra, Bir Rami",490000,5157,95,3,2,Kénitra,Bir Rami,Low
304,Appartement vendre 70 m Knitra,https://www.avito.ma/fr/bir_rami/appartements/Appartement_%C3%A0_vendre_70_m%C2%B2_%C3%A0_K%C3%A9nitra_57806806.htm,"Appartements dans Kénitra, Bir Rami",340000,4857,70,2,1,Kénitra,Bir Rami,Low
305,Appartement vendre 90 m Knitra,https://www.avito.ma/fr/mimosas/appartements/Appartement_%C3%A0_vendre_90_m%C2%B2_%C3%A0_K%C3%A9nitra_57726965.htm,"Appartements dans Kénitra, Mimosas",660000,7333,90,2,1,Kénitra,Mimosas,Medium
306,Appartement vendre 80 m Knitra,https://www.avito.ma/fr/seyad/appartements/Appartement_%C3%A0_vendre_80_m%C2%B2_%C3%A0_K%C3%A9nitra_57806414.htm,"Appartements dans Kénitra, Seyad",610000,7625,80,2,2,Kénitra,Seyad,Medium
307,"Appartement 124 m Centre Ville, Tanger",https://www.avito.ma/fr/centre_ville/appartements/Appartement_124_m%C2%B2___Centre_Ville__Tanger_57723798.htm,"Appartements dans Tanger, Centre ville",1800000,14516,124,3,2,Tanger,Centre Ville,Medium
308,Appartement vendre 90 m Knitra,https://www.avito.ma/fr/seyad/appartements/Appartement_%C3%A0_vendre_90_m%C2%B2_%C3%A0_K%C3%A9nitra_57491963.htm,"Appartements dans Kénitra, Seyad",600000,6666,90,3,1,Kénitra,Seyad,Medium
309,Appartement vendre 94 m Knitra,https://www.avito.ma/fr/seyad/appartements/Appartement_%C3%A0_vendre_94_m%C2%B2_%C3%A0_K%C3%A9nitra_57806366.htm,"Appartements dans Kénitra, Seyad",680000,7234,94,2,2,Kénitra,Seyad,Medium
310,Super Appartement Vue sur Mer Dar Bouazza,https://www.avito.ma/fr/dar_bouazza/appartements/Super_Appartement_Vue_sur_Mer_%C3%A0_Dar_Bouazza_57692835.htm,"Appartements dans Dar Bouazza, Toute la ville",2390000,18106,132,3,2,Dar Bouazza,Toute La Ville,Medium
311,Appartement vendre 329 m Fs,https://www.avito.ma/fr/champ_de_course/appartements/Appartement_%C3%A0_vendre_329_m%C2%B2_%C3%A0_F%C3%A8s_57661838.htm,"Appartements dans Fès, Champ de course",2300000,6990,329,3,3,Fès,Champ De Course,Medium
312,Appartement vendre Berrechid El Qabbah,https://www.avito.ma/fr/berrechid/appartements/Appartement_%C3%A0_vendre_%C3%A0_Berrechid_El_Qabbah_57707198.htm,"Appartements dans Berrechid, Toute la ville",340000,4857,70,2,1,Berrechid,Toute La Ville,Low
313,Appartement de Grande Superficie 93 m,https://www.avito.ma/fr/hay_charaf/appartements/Appartement_de_Grande_Superficie_93_m%C2%B2_57807028.htm,"Appartements dans Marrakech, Hay Charaf",850000,9139,93,2,1,Marrakech,Hay Charaf,Medium
314,Appartement divis en 2 studios 2 min de Marina,https://www.avito.ma/fr/autre_secteur/appartements/Appartement_divis%C3%A9_en_2_studios_%C3%A0_2_min_de_Marina_57108799.htm,"Appartements dans Tanger, Autre secteur",3200000,38095,84,2,2,Tanger,Autre Secteur,Medium
315,Appartements vendre,https://www.avito.ma/fr/haut_founty/appartements/Appartements_%C3%A0_vendre_57157671.htm,"Appartements dans Agadir, Haut-Founty",3000000,16042,187,3,3,Agadir,Haut-Founty,Medium
316,Appartement vendre 85 m,https://www.avito.ma/fr/2_mars/appartements/Appartement_%C3%A0_vendre_85_m%C2%B2_57831380.htm,"Appartements dans Casablanca, 2 Mars",1350000,16875,80,2,2,Casablanca,2 Mars,Medium
317,Appartement vendre,https://www.avito.ma/fr/autre_secteur/appartements/Appartement_%C3%A0_vendre_57762062.htm,"Appartements dans Tanger, Autre secteur",550000,9166,60,2,1,Tanger,Autre Secteur,Medium
318,Bel appartement vendre meubl prt habiter,https://www.avito.ma/fr/el_houda/appartements/Bel_appartement_%C3%A0_vendre_meubl%C3%A9_pr%C3%AAt_%C3%A0_habiter_57836686.htm,"Appartements dans Agadir, El Houda",720000,11803,61,2,2,Agadir,El Houda,Medium
319,Urgent vendre grand appartement deux faade,https://www.avito.ma/fr/belv%C3%A9d%C3%A8re/appartements/Urgent_%C3%A0_vendre_grand_appartement_deux_fa%C3%A7ade_57622437.htm,"Appartements dans Casablanca, Belvédère",1990000,7960,250,5,3,Casablanca,Belvédère,Medium
